zone,direction,lat,lng,source_area,destination_area,road_name,road_type,highway_type,junction_type,road_width_estimate,speed_limit,traffic_signal_density,intersection_density,commercial_density,nightlife_density,hospital_density,police_station_distance,cctv_density_estimate,lighting_score,crime_score,activity_score,event_frequency,infrastructure_score,connectivity_score,isolated_area_score,road_risk_score,travel_time_estimate,congestion_score,flood_risk,weather_exposure_score,poi_density,time_risk,adjacency_count
SOUTHEAST / IT CORRIDOR,Bi-directional,12.909317,77.633261,HSR Layout,HSR Layout,,residential,residential,none,7.5m,30.0,0.25,0.33,0.683,0.423,0.055,0.136,0.57,0.653,0.319,0.422,0.169,0.443,0.447,0.291,0.341,4.9,0.504,0.192,0.333,0.432,0.366,6
SOUTHEAST / IT CORRIDOR,Bi-directional,12.907679,77.643098,HSR Layout,HSR Layout,18th Main Road,residential,residential,none,7.5m,30.0,0.2,0.28,0.681,0.448,0.435,0.644,0.582,0.674,0.411,0.467,0.117,0.449,0.482,0.327,0.394,4.64,0.492,0.262,0.329,0.455,0.427,6
SOUTHEAST / IT CORRIDOR,Bi-directional,12.917822,77.643031,HSR Layout,HSR Layout,17th A Main Road,residential,residential,none,7.5m,30.0,0.15,0.21,0.632,0.55,0.296,0.231,0.548,0.595,0.461,0.427,0.197,0.339,0.439,0.399,0.441,11.78,0.466,0.287,0.348,0.428,0.393,6
SOUTHEAST / IT CORRIDOR,Bi-directional,12.91328,77.634062,HSR Layout,HSR Layout,,residential,residential,none,7.5m,30.0,0.57,0.67,0.66,0.508,0.471,0.414,0.589,0.638,0.36,0.38,0.072,0.455,0.58,0.361,0.444,4.32,0.613,0.159,0.289,0.363,0.371,8
SOUTHEAST / IT CORRIDOR,Bi-directional,12.905681,77.634206,HSR Layout,HSR Layout,,residential,residential,none,7.5m,30.0,0.45,0.63,0.659,0.51,0.488,0.471,0.531,0.673,0.49,0.397,0.163,0.46,0.498,0.388,0.485,12.42,0.63,0.203,0.311,0.431,0.456,6
SOUTHEAST / IT CORRIDOR,Bi-directional,12.90927,77.638968,HSR Layout,HSR Layout,22nd Cross Road,tertiary,tertiary,none,7.5m,30.0,0.47,0.25,0.795,0.537,0.466,0.188,0.617,0.814,0.359,0.504,0.186,0.482,0.586,0.234,0.34,10.73,0.659,0.164,0.511,0.513,0.276,6
SOUTHEAST / IT CORRIDOR,Bi-directional,12.917714,77.633401,HSR Layout,HSR Layout,2nd Avenue,residential,residential,none,7.5m,30.0,0.2,0.25,0.643,0.52,0.053,0.29,0.563,0.641,0.382,0.465,0.173,0.419,0.497,0.291,0.442,9.42,0.568,0.16,0.352,0.464,0.385,8
SOUTHEAST / IT CORRIDOR,Bi-directional,12.905142,77.642866,HSR Layout,HSR Layout,27th Cross Road,secondary,secondary,none,7.5m,40.0,0.44,0.25,0.731,0.583,0.234,0.493,0.669,0.751,0.347,0.608,0.12,0.549,0.609,0.256,0.4,4.33,0.694,0.121,0.421,0.668,0.325,6
SOUTHEAST / IT CORRIDOR,Bi-directional,12.90491,77.643669,HSR Layout,HSR Layout,27th Cross Road,secondary,secondary,none,7.5m,40.0,0.35,0.33,0.762,0.546,0.362,0.769,0.689,0.707,0.307,0.582,0.06,0.635,0.651,0.188,0.375,2.61,0.611,0.068,0.5,0.629,0.369,6
SOUTHEAST / IT CORRIDOR,Bi-directional,12.913189,77.636811,HSR Layout,HSR Layout,12th Main Road,residential,residential,none,7.5m,30.0,0.4,0.21,0.593,0.514,0.496,0.896,0.56,0.625,0.372,0.486,0.144,0.454,0.465,0.327,0.438,16.74,0.504,0.247,0.325,0.522,0.45,6
SOUTHEAST / IT CORRIDOR,Bi-directional,12.911855,77.643775,HSR Layout,HSR Layout,"['18th Cross Road', '18th A Main Road']",residential,residential,none,7.5m,40.0,0.14,0.29,0.667,0.541,0.179,0.67,0.608,0.581,0.471,0.498,0.124,0.404,0.42,0.389,0.437,22.99,0.539,0.248,0.3,0.465,0.452,6
SOUTHEAST / IT CORRIDOR,Bi-directional,12.918137,77.63396,HSR Layout,HSR Layout,6th Main Road,residential,residential,none,7.5m,30.0,0.25,0.45,0.589,0.555,0.164,0.813,0.538,0.655,0.446,0.433,0.091,0.394,0.461,0.297,0.434,2.79,0.589,0.085,0.399,0.397,0.522,6
SOUTHEAST / IT CORRIDOR,Bi-directional,12.905761,77.638441,HSR Layout,HSR Layout,,residential,residential,none,7.5m,30.0,0.22,0.67,0.678,0.56,0.324,0.474,0.545,0.595,0.39,0.518,0.186,0.45,0.482,0.38,0.474,3.14,0.601,0.222,0.372,0.542,0.47,6
SOUTHEAST / IT CORRIDOR,Bi-directional,12.914795,77.639117,HSR Layout,HSR Layout,,residential,residential,none,7.5m,30.0,0.39,0.65,0.626,0.486,0.047,0.427,0.539,0.658,0.362,0.471,0.079,0.457,0.531,0.301,0.37,6.54,0.577,0.166,0.37,0.467,0.414,6
SOUTHEAST / IT CORRIDOR,Bi-directional,12.914096,77.635564,HSR Layout,HSR Layout,,residential,residential,none,7.5m,30.0,0.24,0.39,0.696,0.419,0.03,0.406,0.501,0.665,0.366,0.426,0.188,0.441,0.569,0.277,0.407,4.89,0.606,0.163,0.263,0.445,0.417,8
SOUTHEAST / IT CORRIDOR,Bi-directional,12.908854,77.640608,HSR Layout,HSR Layout,22nd A Cross Road,residential,residential,none,7.5m,30.0,0.51,0.25,0.58,0.448,0.289,0.563,0.609,0.686,0.438,0.532,0.098,0.496,0.479,0.293,0.419,6.85,0.526,0.106,0.302,0.565,0.384,6
SOUTHEAST / IT CORRIDOR,Bi-directional,12.918134,77.63654,HSR Layout,HSR Layout,4th Cross Road,residential,residential,none,7.5m,30.0,0.16,0.21,0.637,0.443,0.318,0.347,0.489,0.574,0.331,0.393,0.187,0.321,0.424,0.409,0.474,7.13,0.544,0.17,0.416,0.374,0.445,6
SOUTHEAST / IT CORRIDOR,Bi-directional,12.909256,77.640087,HSR Layout,HSR Layout,22nd Cross Road,tertiary,tertiary,none,7.5m,30.0,0.25,0.27,0.695,0.538,0.406,0.593,0.601,0.769,0.2,0.49,0.184,0.442,0.564,0.295,0.324,3.51,0.574,0.131,0.411,0.465,0.349,6
SOUTHEAST / IT CORRIDOR,Bi-directional,12.907917,77.635089,HSR Layout,HSR Layout,9th Main Road,tertiary,tertiary,none,7.5m,40.0,0.12,0.57,0.822,0.548,0.432,0.681,0.606,0.752,0.32,0.551,0.132,0.443,0.554,0.299,0.42,3.35,0.65,0.246,0.512,0.55,0.433,6
SOUTHEAST / IT CORRIDOR,Bi-directional,12.904703,77.63611,HSR Layout,HSR Layout,,residential,residential,none,7.5m,30.0,0.41,0.52,0.586,0.512,0.067,0.49,0.586,0.679,0.452,0.441,0.054,0.448,0.529,0.327,0.394,3.73,0.587,0.18,0.377,0.417,0.444,6
SOUTHEAST / IT CORRIDOR,Bi-directional,12.914211,77.638716,HSR Layout,HSR Layout,14th Main Road,residential,residential,none,7.5m,30.0,0.5,0.6,0.641,0.491,0.356,0.835,0.61,0.622,0.403,0.441,0.19,0.469,0.583,0.388,0.474,5.31,0.65,0.267,0.333,0.459,0.495,6
SOUTHEAST / IT CORRIDOR,Bi-directional,12.90465,77.638654,HSR Layout,HSR Layout,,residential,residential,none,7.5m,30.0,0.42,0.39,0.583,0.509,0.48,0.26,0.583,0.595,0.312,0.434,0.14,0.409,0.374,0.42,0.42,3.27,0.519,0.072,0.41,0.46,0.355,2
SOUTHEAST / IT CORRIDOR,Bi-directional,12.906939,77.639626,HSR Layout,HSR Layout,,residential,residential,none,7.5m,30.0,0.59,0.28,0.689,0.557,0.268,0.131,0.541,0.726,0.338,0.514,0.075,0.523,0.512,0.346,0.393,4.16,0.605,0.188,0.401,0.511,0.279,6
SOUTHEAST / IT CORRIDOR,Bi-directional,12.911319,77.644164,HSR Layout,HSR Layout,19th Cross Road,residential,residential,none,7.5m,30.0,0.21,0.67,0.61,0.422,0.373,0.715,0.553,0.62,0.384,0.435,0.075,0.341,0.55,0.374,0.462,4.13,0.54,0.127,0.399,0.458,0.469,6
SOUTHEAST / IT CORRIDOR,Bi-directional,12.905063,77.63875,HSR Layout,HSR Layout,,residential,residential,none,7.5m,30.0,0.52,0.69,0.658,0.416,0.308,0.743,0.536,0.645,0.337,0.48,0.124,0.483,0.46,0.428,0.442,2.88,0.661,0.269,0.344,0.481,0.476,2
SOUTHEAST / IT CORRIDOR,Bi-directional,12.907257,77.645749,HSR Layout,HSR Layout,,residential,residential,none,7.5m,30.0,0.31,0.47,0.593,0.512,0.032,0.776,0.613,0.646,0.31,0.449,0.121,0.409,0.531,0.362,0.41,3.08,0.529,0.13,0.357,0.472,0.509,6
SOUTHEAST / IT CORRIDOR,Bi-directional,12.906887,77.642404,HSR Layout,HSR Layout,,residential,residential,none,7.5m,30.0,0.26,0.32,0.621,0.494,0.257,0.748,0.509,0.659,0.367,0.49,0.143,0.397,0.51,0.294,0.382,3.58,0.496,0.243,0.306,0.458,0.401,6
SOUTHEAST / IT CORRIDOR,Bi-directional,12.907862,77.640039,HSR Layout,HSR Layout,,residential,residential,none,7.5m,30.0,0.38,0.32,0.584,0.485,0.313,0.628,0.609,0.701,0.475,0.411,0.194,0.367,0.554,0.362,0.445,3.25,0.602,0.126,0.293,0.435,0.484,8
SOUTHEAST / IT CORRIDOR,Bi-directional,12.90877,77.643466,HSR Layout,HSR Layout,22nd A Cross Road,residential,residential,none,7.5m,30.0,0.3,0.59,0.651,0.539,0.022,0.803,0.592,0.612,0.423,0.404,0.084,0.435,0.578,0.29,0.439,7.88,0.53,0.109,0.388,0.425,0.493,8
SOUTHEAST / IT CORRIDOR,Bi-directional,12.905038,77.634465,HSR Layout,HSR Layout,,residential,residential,none,7.5m,30.0,0.17,0.36,0.567,0.438,0.435,0.248,0.562,0.659,0.483,0.415,0.073,0.413,0.5,0.416,0.464,0.95,0.504,0.157,0.422,0.392,0.37,6
SOUTHEAST / IT CORRIDOR,Bi-directional,12.907271,77.645408,HSR Layout,HSR Layout,,residential,residential,none,7.5m,30.0,0.38,0.56,0.72,0.498,0.166,0.65,0.596,0.598,0.369,0.491,0.167,0.404,0.543,0.322,0.383,3.38,0.647,0.211,0.276,0.498,0.429,6
SOUTHEAST / IT CORRIDOR,Bi-directional,12.911396,77.642182,HSR Layout,HSR Layout,19th Cross Road,residential,residential,none,7.5m,30.0,0.53,0.33,0.631,0.551,0.134,0.695,0.537,0.67,0.435,0.49,0.081,0.457,0.528,0.293,0.413,3.12,0.637,0.097,0.359,0.532,0.448,6
SOUTHEAST / IT CORRIDOR,Bi-directional,12.910656,77.636095,HSR Layout,HSR Layout,,residential,residential,none,7.5m,30.0,0.48,0.48,0.663,0.48,0.256,0.776,0.539,0.683,0.436,0.48,0.162,0.461,0.568,0.285,0.423,8.97,0.655,0.053,0.394,0.451,0.47,8
SOUTHEAST / IT CORRIDOR,Bi-directional,12.9161,77.645661,HSR Layout,HSR Layout,12 Cross Road,residential,residential,none,7.5m,30.0,0.34,0.4,0.611,0.499,0.257,0.571,0.526,0.586,0.426,0.453,0.144,0.405,0.533,0.36,0.403,4.62,0.546,0.199,0.36,0.479,0.432,6
SOUTHEAST / IT CORRIDOR,Bi-directional,12.907892,77.643248,HSR Layout,HSR Layout,,residential,residential,none,7.5m,30.0,0.12,0.34,0.605,0.425,0.252,0.414,0.524,0.586,0.413,0.454,0.102,0.389,0.5,0.297,0.427,2.89,0.546,0.14,0.27,0.503,0.365,8
SOUTHEAST / IT CORRIDOR,Bi-directional,12.905604,77.643591,HSR Layout,HSR Layout,,residential,residential,none,7.5m,30.0,0.52,0.59,0.697,0.465,0.388,0.169,0.59,0.657,0.413,0.408,0.066,0.446,0.506,0.385,0.428,13.29,0.66,0.297,0.281,0.444,0.357,6
SOUTHEAST / IT CORRIDOR,Bi-directional,12.913471,77.634672,HSR Layout,HSR Layout,15th Cross Road,residential,residential,none,7.5m,30.0,0.22,0.42,0.683,0.42,0.169,0.643,0.549,0.684,0.389,0.401,0.108,0.437,0.475,0.372,0.377,11.91,0.51,0.087,0.348,0.392,0.491,6
SOUTHEAST / IT CORRIDOR,Bi-directional,12.917702,77.632904,HSR Layout,HSR Layout,5th Main Road,residential,residential,none,7.5m,30.0,0.18,0.67,0.666,0.498,0.1,0.217,0.586,0.622,0.324,0.364,0.149,0.407,0.548,0.296,0.414,3.05,0.61,0.273,0.395,0.373,0.376,8
SOUTHEAST / IT CORRIDOR,Bi-directional,12.905843,77.646025,HSR Layout,HSR Layout,,residential,residential,none,7.5m,30.0,0.41,0.46,0.682,0.501,0.106,0.397,0.585,0.686,0.365,0.4,0.149,0.38,0.419,0.421,0.401,2.82,0.53,0.224,0.325,0.447,0.38,2
SOUTHEAST / IT CORRIDOR,Bi-directional,12.909755,77.639828,HSR Layout,HSR Layout,21st Cross Road,residential,residential,none,7.5m,30.0,0.5,0.23,0.593,0.553,0.289,0.868,0.521,0.703,0.391,0.468,0.198,0.486,0.469,0.373,0.45,34.78,0.638,0.18,0.326,0.476,0.51,6
SOUTHEAST / IT CORRIDOR,Bi-directional,12.910322,77.63981,HSR Layout,HSR Layout,21st A Cross Road,residential,residential,none,7.5m,30.0,0.49,0.6,0.711,0.508,0.344,0.703,0.508,0.648,0.36,0.407,0.103,0.433,0.443,0.461,0.437,34.3,0.632,0.287,0.404,0.369,0.529,2
SOUTHEAST / IT CORRIDOR,Bi-directional,12.918004,77.632979,HSR Layout,HSR Layout,5th Main Road,residential,residential,none,7.5m,30.0,0.23,0.51,0.637,0.415,0.389,0.461,0.541,0.662,0.339,0.454,0.088,0.445,0.504,0.332,0.358,3.17,0.571,0.263,0.382,0.404,0.361,6
SOUTHEAST / IT CORRIDOR,Bi-directional,12.905101,77.633664,HSR Layout,HSR Layout,,residential,residential,none,7.5m,30.0,0.25,0.46,0.7,0.536,0.28,0.452,0.492,0.564,0.354,0.413,0.184,0.415,0.519,0.377,0.396,2.92,0.562,0.104,0.41,0.442,0.388,8
SOUTHEAST / IT CORRIDOR,Bi-directional,12.917207,77.644025,HSR Layout,HSR Layout,11th Cross Road,tertiary,tertiary,none,7.5m,30.0,0.36,0.64,0.798,0.543,0.136,0.71,0.668,0.717,0.289,0.625,0.193,0.459,0.638,0.171,0.355,4.74,0.645,0.13,0.482,0.614,0.322,8
SOUTHEAST / IT CORRIDOR,Bi-directional,12.91322,77.636227,HSR Layout,HSR Layout,11th Main Road,residential,residential,none,7.5m,30.0,0.35,0.21,0.61,0.519,0.45,0.706,0.57,0.671,0.482,0.445,0.066,0.446,0.536,0.342,0.448,17.04,0.53,0.208,0.355,0.418,0.454,8
SOUTHEAST / IT CORRIDOR,Bi-directional,12.906975,77.638917,HSR Layout,HSR Layout,,residential,residential,none,7.5m,30.0,0.14,0.5,0.654,0.453,0.452,0.762,0.568,0.65,0.375,0.401,0.059,0.337,0.403,0.449,0.474,4.36,0.587,0.06,0.422,0.386,0.531,2
SOUTHEAST / IT CORRIDOR,Bi-directional,12.908679,77.633259,HSR Layout,HSR Layout,,residential,residential,none,7.5m,30.0,0.48,0.21,0.716,0.526,0.49,0.197,0.539,0.611,0.412,0.408,0.141,0.486,0.481,0.345,0.387,2.7,0.575,0.087,0.358,0.433,0.409,6
SOUTHEAST / IT CORRIDOR,Bi-directional,12.91328,77.632431,HSR Layout,HSR Layout,5th Main Road,tertiary,tertiary,none,7.5m,30.0,0.26,0.44,0.671,0.645,0.113,0.797,0.685,0.758,0.236,0.611,0.117,0.552,0.489,0.23,0.371,4.42,0.659,0.243,0.46,0.606,0.385,4
SOUTHEAST / IT CORRIDOR,Bi-directional,12.908666,77.643073,HSR Layout,HSR Layout,18th Main Road,residential,residential,none,7.5m,30.0,0.43,0.62,0.632,0.426,0.307,0.339,0.575,0.676,0.474,0.479,0.181,0.464,0.571,0.33,0.409,2.76,0.571,0.105,0.272,0.521,0.39,8
SOUTHEAST / IT CORRIDOR,Bi-directional,12.906748,77.636522,HSR Layout,HSR Layout,Mangammapalaya Road,secondary,secondary,none,7.5m,45.0,0.44,0.36,0.75,0.56,0.275,0.391,0.711,0.829,0.384,0.546,0.106,0.618,0.631,0.195,0.39,5.67,0.695,0.067,0.433,0.577,0.361,8
SOUTHEAST / IT CORRIDOR,Bi-directional,12.913225,77.643663,HSR Layout,HSR Layout,17th C Main Road,residential,residential,none,7.5m,30.0,0.39,0.49,0.619,0.493,0.237,0.576,0.602,0.67,0.342,0.452,0.146,0.441,0.468,0.297,0.366,10.05,0.58,0.124,0.269,0.503,0.38,6
SOUTHEAST / IT CORRIDOR,Bi-directional,12.904666,77.632976,HSR Layout,HSR Layout,,residential,residential,none,7.5m,30.0,0.52,0.51,0.615,0.456,0.312,0.889,0.568,0.64,0.42,0.448,0.163,0.446,0.523,0.339,0.449,9.74,0.563,0.156,0.397,0.49,0.472,4
SOUTHEAST / IT CORRIDOR,Bi-directional,12.91722,77.643605,HSR Layout,HSR Layout,11th Cross Road,tertiary,tertiary,none,7.5m,30.0,0.17,0.4,0.8,0.545,0.43,0.295,0.583,0.715,0.346,0.583,0.151,0.428,0.574,0.271,0.399,3.46,0.695,0.277,0.386,0.549,0.29,8
SOUTHEAST / IT CORRIDOR,Bi-directional,12.910077,77.638051,HSR Layout,HSR Layout,14th Main Road,tertiary,tertiary,none,7.5m,40.0,0.31,0.65,0.83,0.602,0.107,0.654,0.687,0.748,0.299,0.563,0.16,0.572,0.564,0.224,0.382,5.58,0.665,0.237,0.418,0.584,0.412,6
SOUTHEAST / IT CORRIDOR,Bi-directional,12.907811,77.645834,HSR Layout,HSR Layout,,residential,residential,none,7.5m,30.0,0.39,0.57,0.649,0.457,0.026,0.586,0.516,0.655,0.31,0.412,0.065,0.409,0.506,0.383,0.415,2.16,0.6,0.238,0.418,0.365,0.448,4
SOUTHEAST / IT CORRIDOR,Bi-directional,12.905495,77.641254,HSR Layout,HSR Layout,27th Cross Road,secondary,secondary,none,7.5m,40.0,0.16,0.29,0.808,0.475,0.184,0.769,0.655,0.814,0.311,0.644,0.197,0.529,0.595,0.284,0.351,0.53,0.707,0.069,0.498,0.72,0.413,6
SOUTHEAST / IT CORRIDOR,Bi-directional,12.908232,77.631891,HSR Layout,HSR Layout,,residential,residential,none,7.5m,30.0,0.45,0.24,0.582,0.527,0.187,0.257,0.548,0.648,0.431,0.391,0.108,0.404,0.373,0.442,0.43,3.87,0.553,0.163,0.396,0.369,0.44,2
SOUTHEAST / IT CORRIDOR,Bi-directional,12.908377,77.636999,HSR Layout,HSR Layout,,residential,residential,none,7.5m,30.0,0.58,0.5,0.601,0.506,0.35,0.536,0.522,0.631,0.441,0.469,0.158,0.53,0.551,0.354,0.469,3.48,0.676,0.146,0.374,0.488,0.411,6
SOUTHEAST / IT CORRIDOR,Bi-directional,12.908483,77.633759,HSR Layout,HSR Layout,24th Cross Road,residential,residential,none,7.5m,30.0,0.52,0.47,0.58,0.451,0.18,0.863,0.5,0.622,0.397,0.394,0.135,0.505,0.57,0.357,0.439,9.79,0.632,0.109,0.281,0.427,0.498,6
SOUTHEAST / IT CORRIDOR,Bi-directional,12.905641,77.638261,HSR Layout,HSR Layout,,residential,residential,none,7.5m,30.0,0.17,0.66,0.634,0.555,0.075,0.23,0.519,0.662,0.307,0.454,0.189,0.372,0.474,0.303,0.395,2.83,0.6,0.181,0.305,0.417,0.363,6
SOUTHEAST / IT CORRIDOR,Bi-directional,12.90878,77.639481,HSR Layout,HSR Layout,15th Main Road,residential,residential,none,7.5m,30.0,0.4,0.42,0.663,0.546,0.059,0.749,0.587,0.682,0.46,0.434,0.07,0.398,0.483,0.341,0.443,2.71,0.547,0.196,0.383,0.47,0.531,6
SOUTHEAST / IT CORRIDOR,Bi-directional,12.909582,77.637198,HSR Layout,HSR Layout,,residential,residential,none,7.5m,30.0,0.52,0.38,0.597,0.555,0.342,0.871,0.563,0.607,0.375,0.372,0.068,0.493,0.552,0.314,0.383,7.94,0.531,0.182,0.392,0.328,0.499,6
SOUTHEAST / IT CORRIDOR,Bi-directional,12.905923,77.644627,HSR Layout,HSR Layout,Garden Layout Road,residential,residential,none,7.5m,30.0,0.41,0.68,0.636,0.489,0.18,0.203,0.618,0.611,0.467,0.522,0.176,0.427,0.569,0.282,0.403,4.33,0.61,0.095,0.31,0.515,0.333,6
SOUTHEAST / IT CORRIDOR,Bi-directional,12.908725,77.644085,HSR Layout,HSR Layout,,residential,residential,none,7.5m,30.0,0.21,0.42,0.672,0.449,0.124,0.324,0.59,0.644,0.497,0.44,0.056,0.454,0.539,0.299,0.425,4.25,0.491,0.113,0.3,0.437,0.458,6
SOUTHEAST / IT CORRIDOR,Bi-directional,12.914559,77.633221,HSR Layout,HSR Layout,,residential,residential,none,7.5m,30.0,0.4,0.58,0.665,0.44,0.289,0.349,0.538,0.602,0.354,0.496,0.117,0.476,0.565,0.324,0.362,4.55,0.542,0.12,0.301,0.481,0.368,8
SOUTHEAST / IT CORRIDOR,Bi-directional,12.905373,77.641261,HSR Layout,HSR Layout,,residential,residential,none,7.5m,30.0,0.17,0.52,0.663,0.553,0.091,0.383,0.572,0.651,0.351,0.391,0.119,0.415,0.542,0.321,0.431,2.37,0.574,0.244,0.345,0.399,0.367,6
SOUTHEAST / IT CORRIDOR,Bi-directional,12.905948,77.63567,HSR Layout,HSR Layout,,residential,residential,none,7.5m,30.0,0.4,0.53,0.66,0.545,0.466,0.862,0.564,0.626,0.314,0.497,0.184,0.379,0.506,0.297,0.369,2.28,0.629,0.144,0.304,0.546,0.422,6
SOUTHEAST / IT CORRIDOR,Bi-directional,12.907439,77.642673,HSR Layout,HSR Layout,,residential,residential,none,7.5m,30.0,0.41,0.31,0.719,0.523,0.287,0.228,0.529,0.611,0.427,0.503,0.087,0.459,0.518,0.382,0.426,8.25,0.528,0.1,0.282,0.482,0.341,6
SOUTHEAST / IT CORRIDOR,Bi-directional,12.911792,77.635434,HSR Layout,HSR Layout,18th Cross Road,residential,residential,none,7.5m,30.0,0.39,0.36,0.677,0.489,0.338,0.127,0.612,0.7,0.432,0.46,0.1,0.486,0.594,0.267,0.374,4.39,0.61,0.171,0.313,0.469,0.344,8
SOUTHEAST / IT CORRIDOR,Bi-directional,12.904488,77.636956,HSR Layout,HSR Layout,,residential,residential,none,7.5m,30.0,0.23,0.46,0.706,0.471,0.4,0.372,0.616,0.601,0.406,0.438,0.155,0.38,0.407,0.395,0.485,0.47,0.634,0.198,0.359,0.478,0.436,4
SOUTHEAST / IT CORRIDOR,Bi-directional,12.905686,77.638058,HSR Layout,HSR Layout,,residential,residential,none,7.5m,30.0,0.5,0.32,0.713,0.517,0.461,0.286,0.508,0.633,0.425,0.474,0.103,0.494,0.477,0.331,0.45,1.25,0.622,0.113,0.358,0.505,0.361,6
SOUTHEAST / IT CORRIDOR,Bi-directional,12.917454,77.632083,HSR Layout,HSR Layout,4th Avenue,residential,residential,none,7.5m,30.0,0.19,0.6,0.699,0.416,0.388,0.722,0.594,0.586,0.341,0.454,0.077,0.377,0.517,0.354,0.412,4.5,0.617,0.078,0.322,0.404,0.43,6
SOUTHEAST / IT CORRIDOR,Bi-directional,12.917176,77.645168,HSR Layout,HSR Layout,11th Cross Road,residential,residential,none,7.5m,30.0,0.41,0.51,0.581,0.491,0.068,0.482,0.486,0.592,0.462,0.466,0.132,0.493,0.611,0.264,0.417,6.05,0.619,0.144,0.301,0.516,0.428,8
SOUTHEAST / IT CORRIDOR,Bi-directional,12.909246,77.640815,HSR Layout,HSR Layout,22nd Cross Road,tertiary,tertiary,none,7.5m,30.0,0.54,0.24,0.76,0.603,0.341,0.223,0.692,0.722,0.303,0.586,0.05,0.571,0.534,0.203,0.39,10.69,0.63,0.299,0.41,0.522,0.281,6
SOUTHEAST / IT CORRIDOR,Bi-directional,12.917967,77.638294,HSR Layout,HSR Layout,4th Cross Road,residential,residential,none,7.5m,30.0,0.53,0.33,0.625,0.525,0.103,0.607,0.554,0.599,0.383,0.391,0.067,0.411,0.462,0.44,0.459,0.77,0.568,0.257,0.376,0.399,0.458,3
SOUTHEAST / IT CORRIDOR,Bi-directional,12.909027,77.634079,HSR Layout,HSR Layout,23rd Cross Road,residential,residential,none,7.5m,30.0,0.56,0.36,0.581,0.48,0.078,0.797,0.496,0.607,0.398,0.37,0.093,0.455,0.502,0.358,0.402,3.74,0.657,0.085,0.314,0.377,0.472,6
SOUTHEAST / IT CORRIDOR,Bi-directional,12.916031,77.638161,HSR Layout,HSR Layout,14th Main Road,secondary,secondary,none,7.5m,40.0,0.51,0.55,0.741,0.593,0.473,0.707,0.684,0.737,0.384,0.578,0.133,0.57,0.552,0.237,0.439,1.69,0.729,0.148,0.506,0.618,0.45,3
SOUTHEAST / IT CORRIDOR,Bi-directional,12.906566,77.643608,HSR Layout,HSR Layout,,residential,residential,none,7.5m,30.0,0.53,0.64,0.599,0.428,0.425,0.504,0.554,0.675,0.356,0.504,0.069,0.447,0.532,0.321,0.402,6.05,0.667,0.154,0.307,0.461,0.447,6
SOUTHEAST / IT CORRIDOR,Bi-directional,12.909149,77.634617,HSR Layout,HSR Layout,8th Main Road,residential,residential,none,7.5m,30.0,0.33,0.43,0.656,0.448,0.301,0.314,0.5,0.66,0.308,0.392,0.129,0.461,0.544,0.351,0.385,14.61,0.643,0.201,0.384,0.362,0.352,6
SOUTHEAST / IT CORRIDOR,Bi-directional,12.906171,77.641947,HSR Layout,HSR Layout,,residential,residential,none,7.5m,30.0,0.28,0.52,0.693,0.436,0.341,0.815,0.593,0.63,0.435,0.486,0.14,0.378,0.471,0.295,0.453,4.47,0.544,0.164,0.308,0.515,0.507,6
SOUTHEAST / IT CORRIDOR,Bi-directional,12.905841,77.638174,HSR Layout,HSR Layout,,residential,residential,none,7.5m,30.0,0.39,0.66,0.627,0.464,0.018,0.719,0.576,0.616,0.366,0.475,0.162,0.482,0.544,0.353,0.464,3.54,0.581,0.163,0.362,0.435,0.499,6
SOUTHEAST / IT CORRIDOR,Bi-directional,12.909353,77.63195,HSR Layout,HSR Layout,4th Main Road,residential,residential,none,7.5m,40.0,0.18,0.49,0.713,0.465,0.097,0.647,0.539,0.617,0.462,0.373,0.06,0.357,0.404,0.392,0.423,2.1,0.563,0.183,0.378,0.37,0.449,4
SOUTHEAST / IT CORRIDOR,Bi-directional,12.906549,77.640074,HSR Layout,HSR Layout,25th Cross Road,residential,residential,none,7.5m,30.0,0.28,0.46,0.685,0.469,0.098,0.178,0.589,0.687,0.4,0.418,0.184,0.424,0.6,0.326,0.379,15.7,0.51,0.137,0.293,0.441,0.396,8
SOUTHEAST / IT CORRIDOR,Bi-directional,12.904939,77.63697,HSR Layout,HSR Layout,,residential,residential,none,7.5m,30.0,0.44,0.25,0.69,0.483,0.034,0.341,0.5,0.701,0.459,0.477,0.138,0.499,0.578,0.348,0.396,2.67,0.582,0.192,0.326,0.494,0.402,8
SOUTHEAST / IT CORRIDOR,Bi-directional,12.909579,77.633126,HSR Layout,HSR Layout,22nd Cross Road,residential,residential,none,7.5m,30.0,0.29,0.22,0.584,0.478,0.476,0.508,0.522,0.574,0.329,0.448,0.107,0.426,0.447,0.339,0.447,2.69,0.589,0.194,0.289,0.417,0.421,6
SOUTHEAST / IT CORRIDOR,Bi-directional,12.908872,77.634264,HSR Layout,HSR Layout,8th B Main Road,residential,residential,none,7.5m,30.0,0.22,0.51,0.712,0.486,0.049,0.374,0.578,0.593,0.412,0.407,0.133,0.438,0.481,0.393,0.473,2.52,0.588,0.114,0.352,0.388,0.434,6
SOUTHEAST / IT CORRIDOR,Bi-directional,12.916783,77.637393,HSR Layout,HSR Layout,7th Cross Road,residential,residential,none,7.5m,30.0,0.31,0.39,0.572,0.524,0.361,0.479,0.512,0.605,0.442,0.47,0.135,0.477,0.484,0.344,0.464,4.48,0.538,0.074,0.399,0.523,0.412,6
SOUTHEAST / IT CORRIDOR,Bi-directional,12.909089,77.639504,HSR Layout,HSR Layout,15th Main Road,residential,residential,none,7.5m,30.0,0.55,0.32,0.697,0.435,0.443,0.379,0.559,0.641,0.414,0.476,0.104,0.474,0.502,0.331,0.392,3.49,0.629,0.298,0.353,0.47,0.431,6
SOUTHEAST / IT CORRIDOR,Bi-directional,12.913869,77.644121,HSR Layout,HSR Layout,,residential,residential,none,7.5m,30.0,0.58,0.51,0.571,0.466,0.335,0.684,0.612,0.685,0.385,0.513,0.085,0.505,0.457,0.413,0.397,4.22,0.572,0.259,0.383,0.457,0.488,2
SOUTHEAST / IT CORRIDOR,Bi-directional,12.908146,77.633929,HSR Layout,HSR Layout,25th Cross Road,residential,residential,none,7.5m,30.0,0.31,0.65,0.591,0.414,0.146,0.47,0.585,0.626,0.328,0.479,0.091,0.359,0.533,0.359,0.418,13.16,0.651,0.223,0.314,0.447,0.361,6
SOUTHEAST / IT CORRIDOR,Bi-directional,12.907316,77.640533,HSR Layout,HSR Layout,,residential,residential,none,7.5m,30.0,0.4,0.38,0.615,0.419,0.064,0.513,0.563,0.593,0.484,0.493,0.097,0.416,0.496,0.28,0.401,6.92,0.526,0.128,0.326,0.474,0.448,6
SOUTHEAST / IT CORRIDOR,Bi-directional,12.911411,77.636426,HSR Layout,HSR Layout,19th Cross Road,residential,residential,none,7.5m,30.0,0.25,0.33,0.68,0.503,0.219,0.395,0.558,0.61,0.474,0.442,0.126,0.369,0.505,0.405,0.44,8.64,0.605,0.205,0.387,0.495,0.494,6
SOUTHEAST / IT CORRIDOR,Bi-directional,12.908393,77.640944,HSR Layout,HSR Layout,,residential,residential,none,7.5m,30.0,0.34,0.34,0.705,0.542,0.122,0.857,0.607,0.648,0.362,0.434,0.105,0.452,0.489,0.396,0.41,3.13,0.57,0.157,0.3,0.413,0.539,6
SOUTHEAST / IT CORRIDOR,Bi-directional,12.90928,77.63823,HSR Layout,HSR Layout,22nd Cross Road,tertiary,tertiary,none,7.5m,30.0,0.25,0.63,0.785,0.539,0.29,0.831,0.664,0.685,0.297,0.547,0.192,0.517,0.556,0.251,0.406,3.7,0.656,0.108,0.397,0.485,0.438,6
SOUTHEAST / IT CORRIDOR,Bi-directional,12.909711,77.642147,HSR Layout,HSR Layout,,residential,residential,none,7.5m,30.0,0.27,0.41,0.679,0.473,0.386,0.57,0.492,0.664,0.314,0.377,0.103,0.416,0.455,0.365,0.411,2.88,0.563,0.142,0.307,0.378,0.392,6
SOUTHEAST / IT CORRIDOR,Bi-directional,12.909541,77.638044,HSR Layout,HSR Layout,14th Main Road,tertiary,tertiary,none,7.5m,40.0,0.45,0.43,0.717,0.522,0.063,0.351,0.627,0.703,0.326,0.591,0.097,0.599,0.572,0.299,0.401,5.17,0.612,0.122,0.423,0.532,0.329,6
SOUTHEAST / IT CORRIDOR,Bi-directional,12.909469,77.642284,HSR Layout,HSR Layout,17A Main Road,residential,residential,none,7.5m,30.0,0.51,0.4,0.717,0.435,0.033,0.277,0.53,0.723,0.433,0.434,0.088,0.404,0.527,0.39,0.391,4.77,0.596,0.085,0.415,0.41,0.36,6
EAST BANGALORE,Bi-directional,12.9732,77.640167,Indiranagar,HSR Layout,Intermediate Ring Road,primary,primary,none,10.5m,34.0,0.4054,0.3279,0.7216,0.6345,0.1452,0.7228,0.6119,0.66,0.37,0.4408,0.0712,0.444,0.5,0.2834,0.4,11.4592,0.61,0.143,0.4191,0.5036,0.451,5
EAST BANGALORE,Bi-directional,12.957879,77.640941,Indiranagar,HSR Layout,Intermediate Ring Road,primary,primary,none,10.5m,30.0,0.4469,0.5583,0.7345,0.5835,0.5032,0.5983,0.6523,0.73,0.4,0.4118,0.1291,0.4439,0.47,0.3518,0.45,5.0313,0.68,0.095,0.4366,0.5261,0.397,4
EAST BANGALORE,Bi-directional,12.943359,77.640585,Indiranagar,HSR Layout,Intermediate Ring Road,primary,primary,none,10.5m,40.0,0.3492,0.3392,0.7279,0.515,0.3153,0.4276,0.5823,0.71,0.37,0.4908,0.1542,0.3514,0.48,0.2639,0.46,5.6733,0.66,0.092,0.3448,0.4897,0.419,7
EAST BANGALORE,Bi-directional,12.926435,77.639288,Indiranagar,HSR Layout,Intermediate Ring Road,primary,primary,none,10.5m,30.0,0.4169,0.389,0.7406,0.5987,0.3871,0.5515,0.4868,0.63,0.37,0.4161,0.1223,0.5296,0.45,0.4055,0.43,7.0982,0.56,0.128,0.2931,0.5448,0.484,7
EAST BANGALORE,Bi-directional,12.913479,77.638715,Indiranagar,HSR Layout,Intermediate Ring Road,primary,primary,none,10.5m,31.0,0.237,0.5401,0.6424,0.4424,0.2102,0.7582,0.6021,0.64,0.37,0.4507,0.1876,0.464,0.53,0.376,0.42,5.0629,0.58,0.164,0.3596,0.5036,0.42,4
EAST BANGALORE,Bi-directional,12.97336,77.639899,Indiranagar,HSR Layout,Old Airport Road,primary,primary,none,10.5m,32.0,0.2687,0.3366,0.7989,0.7433,0.2399,0.4973,0.593,0.68,0.28,0.4515,0.0698,0.4111,0.55,0.3471,0.38,4.5859,0.55,0.166,0.384,0.4653,0.376,6
EAST BANGALORE,Bi-directional,12.957782,77.638597,Indiranagar,HSR Layout,Old Airport Road,primary,primary,none,10.5m,32.0,0.4053,0.3207,0.7395,0.5457,0.4242,0.3755,0.5872,0.72,0.36,0.4553,0.1724,0.4922,0.54,0.2575,0.38,9.4666,0.61,0.205,0.4139,0.5063,0.394,7
EAST BANGALORE,Bi-directional,12.941387,77.640546,Indiranagar,HSR Layout,Old Airport Road,primary,primary,none,10.5m,35.0,0.2151,0.5517,0.7854,0.6057,0.0383,0.672,0.6593,0.65,0.37,0.3929,0.1375,0.5242,0.55,0.4567,0.41,0.2621,0.59,0.055,0.3467,0.5319,0.426,7
EAST BANGALORE,Bi-directional,12.928722,77.637498,Indiranagar,HSR Layout,Old Airport Road,primary,primary,none,10.5m,33.0,0.3843,0.4474,0.6762,0.5014,0.2274,0.2521,0.5692,0.62,0.33,0.4643,0.1683,0.4958,0.45,0.2891,0.44,2.3477,0.58,0.194,0.3231,0.4634,0.354,6
EAST BANGALORE,Bi-directional,12.910781,77.640074,Indiranagar,HSR Layout,Old Airport Road,primary,primary,none,10.5m,30.0,0.3421,0.3942,0.7144,0.462,0.2616,0.9204,0.5863,0.68,0.43,0.4445,0.0922,0.4552,0.53,0.2644,0.42,10.4434,0.56,0.188,0.398,0.4966,0.447,5
EAST BANGALORE,Bi-directional,12.972607,77.641346,Indiranagar,HSR Layout,Sarjapur Road,primary,primary,none,10.5m,33.0,0.2852,0.3903,0.7449,0.7022,0.4238,0.2453,0.5878,0.75,0.28,0.446,0.1314,0.4889,0.49,0.2661,0.36,8.9571,0.63,0.186,0.3544,0.3452,0.432,5
EAST BANGALORE,Bi-directional,12.95656,77.641056,Indiranagar,HSR Layout,Sarjapur Road,primary,primary,none,10.5m,30.0,0.5195,0.2841,0.6529,0.5491,0.4695,0.5736,0.6131,0.68,0.34,0.4691,0.0836,0.3902,0.56,0.2707,0.4,5.5417,0.56,0.076,0.3454,0.3968,0.415,4
EAST BANGALORE,Bi-directional,12.940901,77.64071,Indiranagar,HSR Layout,Sarjapur Road,primary,primary,none,10.5m,32.0,0.2199,0.4222,0.6531,0.5328,0.3837,0.6764,0.5973,0.61,0.36,0.5037,0.1324,0.5821,0.54,0.3358,0.4,6.5209,0.58,0.203,0.4211,0.4086,0.348,4
EAST BANGALORE,Bi-directional,12.926285,77.638381,Indiranagar,HSR Layout,Sarjapur Road,primary,primary,none,10.5m,35.0,0.3611,0.4564,0.6747,0.5465,0.4,0.2053,0.6179,0.56,0.38,0.5548,0.147,0.4692,0.6,0.301,0.42,8.2753,0.57,0.148,0.3424,0.4625,0.439,5
EAST BANGALORE,Bi-directional,12.91289,77.63743,Indiranagar,HSR Layout,Sarjapur Road,primary,primary,none,10.5m,37.0,0.3282,0.3753,0.6872,0.4081,0.2611,0.4676,0.5355,0.68,0.39,0.3859,0.1053,0.3249,0.53,0.3445,0.4,8.2986,0.54,0.124,0.3783,0.433,0.416,6
SOUTHEAST / IT CORRIDOR,Bi-directional,12.912617,77.639378,HSR Layout,Indiranagar,Intermediate Ring Road,primary,primary,none,10.5m,30.0,0.1944,0.3695,0.7014,0.5169,0.1591,0.7614,0.6201,0.63,0.35,0.4388,0.1095,0.4881,0.53,0.3695,0.43,13.0537,0.55,0.185,0.2713,0.4017,0.415,4
SOUTHEAST / IT CORRIDOR,Bi-directional,12.927977,77.637469,HSR Layout,Indiranagar,Intermediate Ring Road,primary,primary,none,10.5m,30.0,0.1099,0.382,0.6964,0.4721,0.275,0.5133,0.5942,0.67,0.34,0.51,0.1217,0.4496,0.48,0.3118,0.39,5.4226,0.66,0.105,0.2936,0.5324,0.405,4
SOUTHEAST / IT CORRIDOR,Bi-directional,12.940733,77.638359,HSR Layout,Indiranagar,Intermediate Ring Road,primary,primary,none,10.5m,33.0,0.3751,0.4663,0.6864,0.6027,0.1856,0.5031,0.6239,0.62,0.27,0.4646,0.1205,0.51,0.52,0.3031,0.41,9.925,0.61,0.054,0.3826,0.4609,0.41,7
SOUTHEAST / IT CORRIDOR,Bi-directional,12.958599,77.64112,HSR Layout,Indiranagar,Intermediate Ring Road,primary,primary,none,10.5m,30.0,0.316,0.4586,0.6765,0.5611,0.3483,0.5914,0.6265,0.61,0.35,0.4525,0.1023,0.4969,0.58,0.302,0.41,10.8141,0.67,0.207,0.4116,0.3953,0.425,6
SOUTHEAST / IT CORRIDOR,Bi-directional,12.971243,77.641394,HSR Layout,Indiranagar,Intermediate Ring Road,primary,primary,none,10.5m,30.0,0.2807,0.2057,0.7691,0.6065,0.1851,0.5197,0.5975,0.66,0.37,0.4669,0.1208,0.4813,0.46,0.2738,0.42,2.0418,0.59,0.164,0.3643,0.3868,0.45,7
SOUTHEAST / IT CORRIDOR,Bi-directional,12.909773,77.637559,HSR Layout,Indiranagar,Old Airport Road,primary,primary,none,10.5m,32.0,0.2956,0.3875,0.6896,0.5413,0.2567,0.5732,0.6329,0.67,0.49,0.4895,0.0717,0.4798,0.53,0.3869,0.43,5.5512,0.54,0.158,0.326,0.4384,0.444,5
SOUTHEAST / IT CORRIDOR,Bi-directional,12.927869,77.640685,HSR Layout,Indiranagar,Old Airport Road,primary,primary,none,10.5m,35.0,0.4477,0.5059,0.5806,0.58,0.2647,0.5643,0.5846,0.69,0.43,0.4847,0.1408,0.4623,0.38,0.3183,0.39,10.6782,0.61,0.147,0.3509,0.4382,0.396,4
SOUTHEAST / IT CORRIDOR,Bi-directional,12.940572,77.640303,HSR Layout,Indiranagar,Old Airport Road,primary,primary,none,10.5m,38.0,0.3296,0.4462,0.6629,0.6503,0.4499,0.7606,0.6105,0.64,0.42,0.4474,0.1673,0.5158,0.49,0.3667,0.43,-3.7926,0.62,0.149,0.3291,0.4057,0.404,7
SOUTHEAST / IT CORRIDOR,Bi-directional,12.95575,77.64168,HSR Layout,Indiranagar,Old Airport Road,primary,primary,none,10.5m,34.0,0.449,0.3407,0.6842,0.5972,0.4888,0.5817,0.5392,0.68,0.3,0.4732,0.1796,0.5607,0.56,0.302,0.37,1.3983,0.46,0.204,0.3739,0.4866,0.477,5
SOUTHEAST / IT CORRIDOR,Bi-directional,12.973712,77.640986,HSR Layout,Indiranagar,Old Airport Road,primary,primary,none,10.5m,38.0,0.314,0.365,0.7456,0.5796,0.2914,0.607,0.6258,0.67,0.36,0.3881,0.1071,0.4454,0.54,0.3596,0.38,10.53,0.57,0.17,0.3419,0.3032,0.449,6
SOUTHEAST / IT CORRIDOR,Bi-directional,12.909946,77.637847,HSR Layout,Indiranagar,Sarjapur Road,primary,primary,none,10.5m,32.0,0.513,0.5565,0.6475,0.5167,0.3842,0.5887,0.5712,0.67,0.35,0.4404,0.0927,0.4608,0.51,0.2979,0.41,8.0147,0.67,0.214,0.2667,0.4793,0.48,5
SOUTHEAST / IT CORRIDOR,Bi-directional,12.925227,77.639258,HSR Layout,Indiranagar,Sarjapur Road,primary,primary,none,10.5m,30.0,0.3519,0.3918,0.7683,0.6031,0.1501,0.405,0.5755,0.72,0.38,0.4271,0.1247,0.4203,0.54,0.3008,0.4,10.4928,0.56,0.101,0.3716,0.4399,0.438,4
SOUTHEAST / IT CORRIDOR,Bi-directional,12.942441,77.640953,HSR Layout,Indiranagar,Sarjapur Road,primary,primary,none,10.5m,37.0,0.557,0.4063,0.6625,0.5316,0.1035,0.4251,0.62,0.56,0.33,0.4419,0.102,0.4252,0.5,0.3173,0.39,3.1692,0.63,0.219,0.3045,0.3077,0.461,5
SOUTHEAST / IT CORRIDOR,Bi-directional,12.958673,77.639742,HSR Layout,Indiranagar,Sarjapur Road,primary,primary,none,10.5m,30.0,0.3193,0.333,0.7283,0.7039,0.1518,0.5001,0.6304,0.66,0.39,0.3889,0.1425,0.446,0.57,0.3735,0.47,7.9259,0.6,0.18,0.3603,0.4571,0.392,7
SOUTHEAST / IT CORRIDOR,Bi-directional,12.974473,77.639443,HSR Layout,Indiranagar,Sarjapur Road,primary,primary,none,10.5m,32.0,0.4371,0.3133,0.6848,0.6421,0.2725,0.2317,0.5836,0.64,0.45,0.4428,0.1439,0.4911,0.48,0.4006,0.36,8.4066,0.61,0.148,0.4245,0.4136,0.368,7
SOUTHEAST / IT CORRIDOR,Bi-directional,12.933398,77.623528,Koramangala,HSR Layout,Sarjapur Road,primary,primary,none,10.5m,30.0,0.3232,0.4497,0.7621,0.5827,0.1809,0.4965,0.6401,0.6,0.37,0.5014,0.147,0.4746,0.53,0.2797,0.36,3.9761,0.66,0.247,0.3956,0.5207,0.418,5
SOUTHEAST / IT CORRIDOR,Bi-directional,12.929084,77.62618,Koramangala,HSR Layout,Sarjapur Road,primary,primary,none,10.5m,31.0,0.2861,0.3222,0.8288,0.6048,0.4997,0.3256,0.6321,0.7,0.33,0.4684,0.1225,0.3975,0.5,0.2274,0.43,8.7143,0.63,0.286,0.3929,0.5499,0.463,4
SOUTHEAST / IT CORRIDOR,Bi-directional,12.922224,77.629704,Koramangala,HSR Layout,Sarjapur Road,primary,primary,none,10.5m,33.0,0.2359,0.4482,0.7598,0.5982,0.1888,0.7597,0.6198,0.6,0.42,0.456,0.1294,0.491,0.49,0.2568,0.45,9.3,0.61,0.213,0.3428,0.4876,0.402,6
SOUTHEAST / IT CORRIDOR,Bi-directional,12.918222,77.634396,Koramangala,HSR Layout,Sarjapur Road,primary,primary,none,10.5m,32.0,0.422,0.4016,0.6977,0.5225,0.1837,0.7838,0.5882,0.69,0.42,0.4782,0.1314,0.3961,0.48,0.2881,0.43,6.0758,0.57,0.197,0.3844,0.4398,0.412,5
SOUTHEAST / IT CORRIDOR,Bi-directional,12.910265,77.638419,Koramangala,HSR Layout,Sarjapur Road,primary,primary,none,10.5m,32.0,0.3641,0.476,0.6724,0.5154,0.4042,0.6135,0.5334,0.71,0.45,0.6027,0.0909,0.458,0.43,0.3559,0.4,13.8995,0.56,0.091,0.3416,0.3689,0.45,6
SOUTHEAST / IT CORRIDOR,Bi-directional,12.936774,77.624051,Koramangala,HSR Layout,Outer Ring Road,primary,primary,none,10.5m,35.0,0.2489,0.435,0.7608,0.6984,0.2249,0.4081,0.6271,0.75,0.31,0.4536,0.1071,0.4194,0.43,0.3592,0.4,4.2515,0.68,0.213,0.3311,0.5066,0.398,4
SOUTHEAST / IT CORRIDOR,Bi-directional,12.927777,77.626246,Koramangala,HSR Layout,Outer Ring Road,primary,primary,none,10.5m,35.0,0.3253,0.373,0.669,0.6183,0.21,0.7861,0.6743,0.63,0.32,0.4764,0.0989,0.4512,0.5,0.3239,0.43,2.2058,0.65,0.138,0.465,0.5749,0.399,5
SOUTHEAST / IT CORRIDOR,Bi-directional,12.922079,77.630083,Koramangala,HSR Layout,Outer Ring Road,primary,primary,none,10.5m,30.0,0.3303,0.4483,0.6572,0.538,0.1914,0.363,0.5976,0.69,0.39,0.4897,0.1731,0.463,0.54,0.3041,0.43,4.0235,0.62,0.106,0.3677,0.4324,0.452,5
SOUTHEAST / IT CORRIDOR,Bi-directional,12.916739,77.634107,Koramangala,HSR Layout,Outer Ring Road,primary,primary,none,10.5m,32.0,0.3807,0.3164,0.7316,0.5599,0.186,0.2781,0.5786,0.65,0.39,0.4568,0.0641,0.4276,0.5,0.3518,0.4,11.9379,0.53,0.232,0.3507,0.5185,0.417,5
SOUTHEAST / IT CORRIDOR,Bi-directional,12.912085,77.637383,Koramangala,HSR Layout,Outer Ring Road,primary,primary,none,10.5m,30.0,0.0876,0.634,0.617,0.5173,0.1249,0.3914,0.5127,0.63,0.36,0.4589,0.1136,0.3864,0.49,0.3936,0.45,7.9568,0.62,0.262,0.3847,0.4995,0.351,4
SOUTHEAST / IT CORRIDOR,Bi-directional,12.935633,77.624278,Koramangala,HSR Layout,27th Main Road,primary,primary,none,10.5m,30.0,0.416,0.4052,0.7428,0.6073,0.2589,0.3153,0.5617,0.7,0.34,0.5645,0.1514,0.528,0.48,0.3121,0.34,4.2473,0.63,0.184,0.3566,0.5014,0.267,7
SOUTHEAST / IT CORRIDOR,Bi-directional,12.929168,77.627539,Koramangala,HSR Layout,27th Main Road,primary,primary,none,10.5m,37.0,0.3746,0.494,0.7289,0.6116,0.0788,0.6411,0.6471,0.64,0.37,0.4748,0.1353,0.4126,0.55,0.3163,0.34,6.4861,0.65,0.117,0.3795,0.5858,0.41,6
SOUTHEAST / IT CORRIDOR,Bi-directional,12.923287,77.63061,Koramangala,HSR Layout,27th Main Road,primary,primary,none,10.5m,30.0,0.257,0.4126,0.7299,0.5793,0.2926,0.807,0.584,0.69,0.36,0.4443,0.1062,0.4198,0.53,0.4101,0.39,4.1718,0.61,0.191,0.3722,0.5487,0.298,5
SOUTHEAST / IT CORRIDOR,Bi-directional,12.916503,77.635339,Koramangala,HSR Layout,27th Main Road,primary,primary,none,10.5m,31.0,0.3611,0.5031,0.686,0.541,0.1934,0.4715,0.6023,0.59,0.37,0.5021,0.1733,0.4272,0.56,0.3943,0.4,3.7821,0.59,0.166,0.4085,0.4358,0.482,4
SOUTHEAST / IT CORRIDOR,Bi-directional,12.911883,77.640538,Koramangala,HSR Layout,27th Main Road,primary,primary,none,10.5m,30.0,0.3584,0.4065,0.5921,0.5361,0.3479,0.8339,0.6538,0.61,0.37,0.5746,0.1236,0.4581,0.45,0.3389,0.46,11.3211,0.57,0.15,0.3144,0.4249,0.336,6
SOUTHEAST / IT CORRIDOR,Bi-directional,12.90973,77.638243,HSR Layout,Koramangala,Sarjapur Road,primary,primary,none,10.5m,34.0,0.3623,0.5669,0.6204,0.5183,0.1785,0.439,0.5565,0.64,0.36,0.518,0.1262,0.4573,0.5,0.3687,0.42,4.8609,0.53,0.178,0.3849,0.4185,0.406,6
SOUTHEAST / IT CORRIDOR,Bi-directional,12.917078,77.636768,HSR Layout,Koramangala,Sarjapur Road,primary,primary,none,10.5m,33.0,0.3252,0.4293,0.7078,0.5494,0.0541,0.3438,0.6172,0.66,0.36,0.414,0.0919,0.3538,0.51,0.3022,0.39,5.569,0.61,0.268,0.2941,0.5337,0.457,7
SOUTHEAST / IT CORRIDOR,Bi-directional,12.922924,77.631684,HSR Layout,Koramangala,Sarjapur Road,primary,primary,none,10.5m,31.0,0.3255,0.5904,0.6725,0.5666,0.3896,0.5794,0.5901,0.64,0.4,0.4789,0.1008,0.4084,0.48,0.2819,0.43,8.1156,0.64,0.172,0.3487,0.4711,0.456,7
SOUTHEAST / IT CORRIDOR,Bi-directional,12.928267,77.626372,HSR Layout,Koramangala,Sarjapur Road,primary,primary,none,10.5m,30.0,0.2594,0.5777,0.7337,0.625,0.2756,0.7389,0.5716,0.67,0.37,0.4162,0.096,0.4931,0.54,0.3479,0.39,3.9058,0.55,0.22,0.4133,0.5469,0.48,7
SOUTHEAST / IT CORRIDOR,Bi-directional,12.935032,77.624087,HSR Layout,Koramangala,Sarjapur Road,primary,primary,none,10.5m,37.0,0.1657,0.598,0.761,0.6698,0.1425,0.4324,0.6829,0.69,0.35,0.5122,0.1167,0.456,0.47,0.3047,0.39,0.5368,0.64,0.114,0.3503,0.547,0.327,5
SOUTHEAST / IT CORRIDOR,Bi-directional,12.912832,77.639971,HSR Layout,Koramangala,Outer Ring Road,primary,primary,none,10.5m,32.0,0.2795,0.4681,0.7163,0.4763,0.4715,0.4437,0.5725,0.63,0.39,0.3885,0.1084,0.4013,0.52,0.3745,0.43,-3.4908,0.67,0.181,0.329,0.4752,0.426,7
SOUTHEAST / IT CORRIDOR,Bi-directional,12.918072,77.634563,HSR Layout,Koramangala,Outer Ring Road,primary,primary,none,10.5m,30.0,0.4053,0.5271,0.6814,0.5272,0.1575,0.5937,0.4743,0.69,0.39,0.4629,0.1315,0.3831,0.42,0.3451,0.45,-0.5246,0.56,0.205,0.3763,0.6251,0.461,7
SOUTHEAST / IT CORRIDOR,Bi-directional,12.92533,77.633347,HSR Layout,Koramangala,Outer Ring Road,primary,primary,none,10.5m,30.0,0.3424,0.538,0.6908,0.5651,0.4482,0.4995,0.5736,0.71,0.38,0.4213,0.1544,0.4069,0.51,0.3174,0.42,-1.5832,0.6,0.226,0.4189,0.4316,0.451,7
SOUTHEAST / IT CORRIDOR,Bi-directional,12.928672,77.628768,HSR Layout,Koramangala,Outer Ring Road,primary,primary,none,10.5m,33.0,0.2764,0.5345,0.7317,0.6211,0.4375,0.3363,0.6164,0.68,0.41,0.5682,0.1051,0.3796,0.48,0.3052,0.41,5.5539,0.68,0.255,0.4235,0.6216,0.443,5
SOUTHEAST / IT CORRIDOR,Bi-directional,12.936227,77.62483,HSR Layout,Koramangala,Outer Ring Road,primary,primary,none,10.5m,30.0,0.2936,0.5342,0.7668,0.7163,0.2971,0.3155,0.574,0.62,0.41,0.5442,0.1761,0.4826,0.56,0.2873,0.38,7.0064,0.64,0.182,0.3789,0.515,0.462,5
SOUTHEAST / IT CORRIDOR,Bi-directional,12.912708,77.637183,HSR Layout,Koramangala,27th Main Road,primary,primary,none,10.5m,34.0,0.4075,0.4371,0.7542,0.494,0.2773,0.5179,0.5591,0.68,0.36,0.4341,0.1454,0.4265,0.52,0.3182,0.41,3.3857,0.57,0.13,0.3959,0.4759,0.458,5
SOUTHEAST / IT CORRIDOR,Bi-directional,12.917875,77.636319,HSR Layout,Koramangala,27th Main Road,primary,primary,none,10.5m,30.0,0.1776,0.4581,0.6849,0.5001,0.1514,0.6578,0.5135,0.68,0.37,0.4939,0.1154,0.4585,0.48,0.3243,0.42,6.3675,0.61,0.126,0.3346,0.4459,0.401,4
SOUTHEAST / IT CORRIDOR,Bi-directional,12.923698,77.631759,HSR Layout,Koramangala,27th Main Road,primary,primary,none,10.5m,30.0,0.3524,0.292,0.6177,0.608,0.3117,0.3791,0.5996,0.65,0.36,0.4666,0.097,0.4084,0.48,0.3362,0.34,4.7847,0.57,0.122,0.3355,0.4819,0.399,4
SOUTHEAST / IT CORRIDOR,Bi-directional,12.931242,77.628847,HSR Layout,Koramangala,27th Main Road,primary,primary,none,10.5m,34.0,0.2841,0.4465,0.7203,0.6118,0.3415,0.3421,0.6779,0.61,0.35,0.5033,0.1401,0.4351,0.51,0.3287,0.4,9.1859,0.65,0.218,0.3119,0.4861,0.39,5
SOUTHEAST / IT CORRIDOR,Bi-directional,12.935031,77.622882,HSR Layout,Koramangala,27th Main Road,primary,primary,none,10.5m,34.0,0.3579,0.592,0.7228,0.6529,0.2555,0.6099,0.6667,0.7,0.37,0.4349,0.1255,0.403,0.53,0.2932,0.4,1.3747,0.56,0.271,0.3655,0.5193,0.355,6
SOUTHEAST / IT CORRIDOR,Bi-directional,12.912817,77.639537,HSR Layout,Silk Board,27th Main Road,primary,primary,none,10.5m,32.0,0.1246,0.3905,0.7164,0.4689,0.2314,0.3632,0.6358,0.72,0.35,0.4712,0.1043,0.4739,0.54,0.3668,0.42,17.9968,0.55,0.09,0.3449,0.3892,0.354,7
SOUTHEAST / IT CORRIDOR,Bi-directional,12.91192,77.634123,HSR Layout,Silk Board,27th Main Road,primary,primary,none,10.5m,36.0,0.2303,0.3417,0.593,0.4148,0.1624,0.4675,0.5753,0.68,0.41,0.3739,0.135,0.4746,0.49,0.4152,0.45,5.4903,0.59,0.247,0.3676,0.463,0.426,4
SOUTHEAST / IT CORRIDOR,Bi-directional,12.914282,77.63185,HSR Layout,Silk Board,27th Main Road,primary,primary,none,10.5m,37.0,0.2208,0.4181,0.6161,0.3553,0.2141,0.524,0.5025,0.57,0.41,0.4305,0.1435,0.5233,0.57,0.2829,0.41,9.4039,0.66,0.281,0.3264,0.508,0.445,4
SOUTHEAST / IT CORRIDOR,Bi-directional,12.915848,77.627387,HSR Layout,Silk Board,27th Main Road,primary,primary,none,10.5m,32.0,0.6101,0.4905,0.529,0.2578,0.4221,0.715,0.5774,0.64,0.4,0.4343,0.0916,0.5262,0.51,0.3885,0.43,9.5167,0.66,0.168,0.3853,0.5876,0.472,6
SOUTHEAST / IT CORRIDOR,Bi-directional,12.91594,77.622602,HSR Layout,Silk Board,27th Main Road,primary,primary,none,10.5m,38.0,0.2571,0.3138,0.497,0.2327,0.1262,0.6693,0.4627,0.6,0.35,0.4058,0.1026,0.6099,0.46,0.4877,0.46,7.632,0.7,0.305,0.3233,0.3782,0.398,5
SOUTHEAST / IT CORRIDOR,Bi-directional,12.912593,77.640524,HSR Layout,Silk Board,Outer Ring Road,primary,primary,none,10.5m,32.0,0.4338,0.4991,0.6107,0.5621,0.2598,0.6057,0.597,0.7,0.43,0.4705,0.1269,0.4651,0.56,0.2857,0.43,2.5231,0.66,0.184,0.3439,0.4887,0.419,4
SOUTHEAST / IT CORRIDOR,Bi-directional,12.915053,77.634564,HSR Layout,Silk Board,Outer Ring Road,primary,primary,none,10.5m,38.0,0.4921,0.2762,0.5438,0.4304,0.1835,0.3369,0.5644,0.66,0.34,0.4296,0.1005,0.4308,0.54,0.297,0.4,4.4832,0.61,0.182,0.4666,0.4872,0.45,4
SOUTHEAST / IT CORRIDOR,Bi-directional,12.913694,77.631252,HSR Layout,Silk Board,Outer Ring Road,primary,primary,none,10.5m,30.0,0.3403,0.6353,0.5907,0.3418,0.2195,0.6687,0.5259,0.7,0.35,0.4093,0.1074,0.359,0.41,0.3506,0.43,7.9238,0.63,0.284,0.3852,0.3822,0.375,7
SOUTHEAST / IT CORRIDOR,Bi-directional,12.914723,77.627227,HSR Layout,Silk Board,Outer Ring Road,primary,primary,none,10.5m,33.0,0.2345,0.3565,0.5656,0.2993,0.2508,0.6614,0.5688,0.71,0.35,0.4223,0.0817,0.4308,0.56,0.4234,0.46,-3.7326,0.7,0.08,0.4386,0.4236,0.467,6
SOUTHEAST / IT CORRIDOR,Bi-directional,12.917242,77.623437,HSR Layout,Silk Board,Outer Ring Road,primary,primary,none,10.5m,37.0,0.4331,0.461,0.4777,0.2052,0.3656,0.6692,0.5124,0.6,0.44,0.4551,0.0659,0.4494,0.5,0.3872,0.44,3.7125,0.69,0.151,0.6232,0.4392,0.436,4
SOUTHEAST / IT CORRIDOR,Bi-directional,12.909858,77.639197,HSR Layout,Silk Board,Sarjapur Road,primary,primary,none,10.5m,31.0,0.5763,0.4704,0.6755,0.4721,0.4313,0.8262,0.6022,0.68,0.37,0.4819,0.0996,0.3998,0.46,0.3499,0.38,4.0888,0.59,0.213,0.3372,0.5229,0.458,7
SOUTHEAST / IT CORRIDOR,Bi-directional,12.91284,77.634597,HSR Layout,Silk Board,Sarjapur Road,primary,primary,none,10.5m,30.0,0.2361,0.4732,0.6093,0.4538,0.0863,0.42,0.5639,0.65,0.41,0.417,0.1094,0.478,0.42,0.36,0.44,0.132,0.6,0.24,0.4002,0.481,0.468,4
SOUTHEAST / IT CORRIDOR,Bi-directional,12.91328,77.631477,HSR Layout,Silk Board,Sarjapur Road,primary,primary,none,10.5m,30.0,0.3712,0.2971,0.5588,0.3749,0.1498,0.7766,0.6053,0.57,0.33,0.3504,0.0986,0.5022,0.49,0.3745,0.39,10.7748,0.62,0.172,0.3709,0.3874,0.373,5
SOUTHEAST / IT CORRIDOR,Bi-directional,12.916423,77.626057,HSR Layout,Silk Board,Sarjapur Road,primary,primary,none,10.5m,42.0,0.275,0.4964,0.4968,0.3023,0.2656,0.6266,0.5738,0.57,0.38,0.5026,0.0551,0.5269,0.59,0.2984,0.42,9.8451,0.62,0.241,0.4484,0.3735,0.396,4
SOUTHEAST / IT CORRIDOR,Bi-directional,12.918295,77.62385,HSR Layout,Silk Board,Sarjapur Road,primary,primary,none,10.5m,32.0,0.3292,0.3378,0.5401,0.2007,0.3076,0.4229,0.492,0.52,0.36,0.3792,0.1213,0.602,0.52,0.4674,0.41,-1.2663,0.64,0.171,0.5762,0.3516,0.469,5
SOUTHEAST / IT CORRIDOR,Bi-directional,12.917533,77.623938,Silk Board,HSR Layout,27th Main Road,primary,primary,none,10.5m,39.0,0.4501,0.265,0.5174,0.2435,0.3185,0.5333,0.4967,0.71,0.37,0.3944,0.11,0.4932,0.43,0.3767,0.43,15.694,0.61,0.223,0.4873,0.343,0.349,7
SOUTHEAST / IT CORRIDOR,Bi-directional,12.916,77.62532,Silk Board,HSR Layout,27th Main Road,primary,primary,none,10.5m,43.0,0.1549,0.4434,0.5578,0.2982,0.3897,0.5089,0.5408,0.67,0.38,0.424,0.1364,0.4154,0.48,0.3413,0.48,-12.1122,0.68,0.174,0.2803,0.457,0.456,4
SOUTHEAST / IT CORRIDOR,Bi-directional,12.913078,77.63174,Silk Board,HSR Layout,27th Main Road,primary,primary,none,10.5m,35.0,0.4144,0.3765,0.58,0.3664,0.2912,0.6474,0.5826,0.63,0.46,0.481,0.1645,0.477,0.53,0.3491,0.42,11.7086,0.65,0.164,0.3201,0.5272,0.433,5
SOUTHEAST / IT CORRIDOR,Bi-directional,12.914293,77.634297,Silk Board,HSR Layout,27th Main Road,primary,primary,none,10.5m,30.0,0.3872,0.3627,0.6033,0.4122,0.3198,0.5554,0.5675,0.76,0.46,0.3708,0.1102,0.5764,0.49,0.4333,0.41,5.253,0.65,0.165,0.3923,0.537,0.457,7
SOUTHEAST / IT CORRIDOR,Bi-directional,12.9106,77.63904,Silk Board,HSR Layout,27th Main Road,primary,primary,none,10.5m,34.0,0.4649,0.4935,0.5977,0.4932,0.4033,0.4375,0.6142,0.66,0.41,0.4467,0.1274,0.4663,0.47,0.3441,0.35,3.6763,0.61,0.219,0.3806,0.398,0.462,4
SOUTHEAST / IT CORRIDOR,Bi-directional,12.919431,77.62372,Silk Board,HSR Layout,Outer Ring Road,primary,primary,none,10.5m,30.0,0.4827,0.4682,0.5164,0.2156,0.3872,0.4778,0.5532,0.58,0.31,0.4617,0.1062,0.3983,0.47,0.4079,0.42,6.2729,0.68,0.075,0.2908,0.4497,0.399,5
SOUTHEAST / IT CORRIDOR,Bi-directional,12.916013,77.629167,Silk Board,HSR Layout,Outer Ring Road,primary,primary,none,10.5m,30.0,0.2366,0.7135,0.4881,0.2925,0.3805,0.6054,0.5286,0.58,0.38,0.3282,0.126,0.4627,0.56,0.3137,0.43,9.3703,0.67,0.105,0.3437,0.5107,0.445,7
SOUTHEAST / IT CORRIDOR,Bi-directional,12.914259,77.629194,Silk Board,HSR Layout,Outer Ring Road,primary,primary,none,10.5m,35.0,0.1555,0.5327,0.6699,0.3744,0.2233,0.4968,0.5846,0.63,0.42,0.4412,0.1739,0.5575,0.5,0.3506,0.43,6.5263,0.6,0.118,0.4443,0.5042,0.478,5
SOUTHEAST / IT CORRIDOR,Bi-directional,12.911682,77.633948,Silk Board,HSR Layout,Outer Ring Road,primary,primary,none,10.5m,30.0,0.3279,0.4669,0.5513,0.4191,0.3743,0.6254,0.578,0.68,0.35,0.4261,0.1619,0.4944,0.48,0.2625,0.4,8.8738,0.59,0.185,0.4367,0.4542,0.433,5
SOUTHEAST / IT CORRIDOR,Bi-directional,12.910839,77.638988,Silk Board,HSR Layout,Outer Ring Road,primary,primary,none,10.5m,30.0,0.499,0.3475,0.7184,0.51,0.0674,0.6239,0.5671,0.64,0.39,0.4855,0.1462,0.4978,0.53,0.2746,0.4,18.0278,0.62,0.276,0.4188,0.4794,0.431,7
SOUTHEAST / IT CORRIDOR,Bi-directional,12.916054,77.621406,Silk Board,HSR Layout,Sarjapur Road,primary,primary,none,10.5m,30.0,0.4019,0.3845,0.4878,0.2354,0.181,0.688,0.5402,0.55,0.33,0.4879,0.0914,0.534,0.51,0.368,0.52,-1.2875,0.65,0.173,0.5553,0.4321,0.451,5
SOUTHEAST / IT CORRIDOR,Bi-directional,12.917944,77.62822,Silk Board,HSR Layout,Sarjapur Road,primary,primary,none,10.5m,30.0,0.2312,0.5053,0.5687,0.2868,0.4122,0.3951,0.6118,0.67,0.3,0.5251,0.1075,0.5433,0.52,0.3818,0.46,11.7721,0.65,0.199,0.4115,0.4522,0.422,4
SOUTHEAST / IT CORRIDOR,Bi-directional,12.913404,77.629554,Silk Board,HSR Layout,Sarjapur Road,primary,primary,none,10.5m,42.0,0.3785,0.498,0.5988,0.3783,0.1072,0.8469,0.5209,0.64,0.45,0.5319,0.1465,0.4258,0.52,0.3616,0.43,0.0975,0.69,0.178,0.3365,0.4256,0.44,7
SOUTHEAST / IT CORRIDOR,Bi-directional,12.912637,77.633032,Silk Board,HSR Layout,Sarjapur Road,primary,primary,none,10.5m,32.0,0.3257,0.3966,0.621,0.3948,0.3607,0.2425,0.5843,0.64,0.33,0.4655,0.0766,0.454,0.45,0.3633,0.4,4.2424,0.63,0.133,0.3658,0.3836,0.451,5
SOUTHEAST / IT CORRIDOR,Bi-directional,12.912937,77.636933,Silk Board,HSR Layout,Sarjapur Road,primary,primary,none,10.5m,32.0,0.2369,0.5381,0.754,0.4943,0.2368,0.4922,0.5938,0.68,0.32,0.4268,0.1402,0.4415,0.47,0.3958,0.4,6.2566,0.58,0.118,0.3687,0.4869,0.398,7
SOUTHEAST / IT CORRIDOR,Bi-directional,12.912105,77.637485,HSR Layout,Mahadevapura,Sarjapur Road,primary,primary,none,10.5m,32.0,0.3288,0.3715,0.6026,0.5105,0.3411,0.7253,0.5312,0.71,0.38,0.4659,0.1519,0.4247,0.43,0.3623,0.42,4.653,0.62,0.206,0.2986,0.4685,0.321,7
SOUTHEAST / IT CORRIDOR,Bi-directional,12.933042,77.650877,HSR Layout,Mahadevapura,Sarjapur Road,primary,primary,none,10.5m,32.0,0.467,0.311,0.6421,0.4281,0.1757,0.3877,0.5548,0.66,0.39,0.4388,0.1096,0.4236,0.48,0.338,0.44,8.8561,0.52,0.132,0.3358,0.434,0.358,6
SOUTHEAST / IT CORRIDOR,Bi-directional,12.954556,77.666187,HSR Layout,Mahadevapura,Sarjapur Road,primary,primary,none,10.5m,31.0,0.2703,0.5585,0.5721,0.3235,0.0438,0.6966,0.545,0.61,0.36,0.3823,0.0926,0.418,0.42,0.3569,0.42,8.3188,0.56,0.218,0.4391,0.4548,0.46,5
SOUTHEAST / IT CORRIDOR,Bi-directional,12.972501,77.678829,HSR Layout,Mahadevapura,Sarjapur Road,primary,primary,none,10.5m,31.0,0.3683,0.4922,0.5916,0.3126,0.1358,0.6721,0.488,0.49,0.38,0.4017,0.0945,0.5051,0.47,0.394,0.42,-2.3068,0.5,0.15,0.3738,0.247,0.482,7
SOUTHEAST / IT CORRIDOR,Bi-directional,12.995164,77.692141,HSR Layout,Mahadevapura,Sarjapur Road,primary,primary,none,10.5m,31.0,0.2784,0.3191,0.4896,0.2274,0.011,0.2799,0.4412,0.54,0.38,0.3196,0.1376,0.4377,0.49,0.4607,0.46,-1.6111,0.52,0.238,0.4452,0.3614,0.453,6
SOUTHEAST / IT CORRIDOR,Bi-directional,12.913488,77.640301,HSR Layout,Mahadevapura,Outer Ring Road,primary,primary,none,10.5m,30.0,0.451,0.2758,0.6389,0.5272,0.2485,0.7005,0.4978,0.64,0.44,0.4154,0.1561,0.4377,0.53,0.3859,0.43,3.7179,0.61,0.138,0.3724,0.4049,0.42,6
SOUTHEAST / IT CORRIDOR,Bi-directional,12.93333,77.652323,HSR Layout,Mahadevapura,Outer Ring Road,primary,primary,none,10.5m,30.0,0.389,0.3674,0.605,0.4053,0.1818,0.9368,0.5778,0.68,0.4,0.3655,0.1362,0.4927,0.48,0.3979,0.44,13.6767,0.56,0.122,0.3514,0.5054,0.352,6
SOUTHEAST / IT CORRIDOR,Bi-directional,12.952853,77.665849,HSR Layout,Mahadevapura,Outer Ring Road,primary,primary,none,10.5m,30.0,0.3206,0.4192,0.5949,0.3616,0.3214,0.2591,0.5002,0.62,0.35,0.4512,0.1024,0.4463,0.51,0.3462,0.43,-0.0733,0.54,0.181,0.3053,0.4351,0.452,5
SOUTHEAST / IT CORRIDOR,Bi-directional,12.97209,77.676811,HSR Layout,Mahadevapura,Outer Ring Road,primary,primary,none,10.5m,30.0,0.2749,0.3283,0.5579,0.2862,0.3353,0.4683,0.4351,0.51,0.38,0.3425,0.1084,0.4843,0.55,0.478,0.43,2.5259,0.56,0.158,0.3533,0.3678,0.521,5
SOUTHEAST / IT CORRIDOR,Bi-directional,12.995355,77.691814,HSR Layout,Mahadevapura,Outer Ring Road,primary,primary,none,10.5m,31.0,0.518,0.3295,0.5655,0.221,0.4344,0.6602,0.3551,0.57,0.43,0.3992,0.09,0.4637,0.52,0.4533,0.47,10.6183,0.49,0.206,0.3893,0.3365,0.457,4
SOUTHEAST / IT CORRIDOR,Bi-directional,12.91039,77.639202,HSR Layout,Mahadevapura,Varthur Road,primary,primary,none,10.5m,31.0,0.387,0.5704,0.6932,0.4722,0.3764,0.4788,0.5267,0.65,0.44,0.472,0.1252,0.5174,0.46,0.2784,0.38,7.6206,0.6,0.238,0.3712,0.4472,0.418,4
SOUTHEAST / IT CORRIDOR,Bi-directional,12.933252,77.652538,HSR Layout,Mahadevapura,Varthur Road,primary,primary,none,10.5m,31.0,0.2982,0.5181,0.6423,0.4242,0.3098,0.4523,0.5266,0.55,0.37,0.3588,0.1055,0.4701,0.45,0.3513,0.42,4.8797,0.56,0.189,0.3883,0.4372,0.411,5
SOUTHEAST / IT CORRIDOR,Bi-directional,12.952212,77.666045,HSR Layout,Mahadevapura,Varthur Road,primary,primary,none,10.5m,33.0,0.4571,0.4529,0.5327,0.3596,0.419,0.7402,0.5293,0.56,0.46,0.4395,0.0974,0.4561,0.53,0.3607,0.44,10.4861,0.55,0.238,0.2894,0.5075,0.443,5
SOUTHEAST / IT CORRIDOR,Bi-directional,12.97351,77.679744,HSR Layout,Mahadevapura,Varthur Road,primary,primary,none,10.5m,30.0,0.4514,0.3685,0.5335,0.2586,0.1309,0.7889,0.5237,0.52,0.44,0.3453,0.1421,0.4679,0.59,0.3919,0.42,-6.7424,0.54,0.222,0.425,0.4306,0.464,5
SOUTHEAST / IT CORRIDOR,Bi-directional,12.993462,77.693845,HSR Layout,Mahadevapura,Varthur Road,primary,primary,none,10.5m,31.0,0.2978,0.4832,0.5164,0.218,0.1724,0.4011,0.4808,0.58,0.42,0.3244,0.1313,0.4846,0.57,0.4361,0.44,6.0948,0.47,0.182,0.428,0.3725,0.452,5
EAST BANGALORE,Bi-directional,12.995017,77.691986,Mahadevapura,HSR Layout,Sarjapur Road,primary,primary,none,10.5m,30.0,0.2691,0.456,0.5281,0.2234,0.3348,0.4109,0.4727,0.66,0.4,0.3626,0.0816,0.5065,0.57,0.413,0.47,6.7445,0.53,0.258,0.3588,0.3167,0.471,7
EAST BANGALORE,Bi-directional,12.974397,77.680554,Mahadevapura,HSR Layout,Sarjapur Road,primary,primary,none,10.5m,30.0,0.4386,0.381,0.5068,0.2974,0.0761,0.5785,0.3839,0.53,0.46,0.346,0.109,0.5019,0.48,0.4399,0.47,7.5932,0.48,0.156,0.5207,0.3554,0.577,7
EAST BANGALORE,Bi-directional,12.95375,77.665899,Mahadevapura,HSR Layout,Sarjapur Road,primary,primary,none,10.5m,30.0,0.2592,0.5349,0.5149,0.3801,0.314,0.1308,0.4968,0.67,0.31,0.4137,0.0947,0.4043,0.6,0.3901,0.44,5.1645,0.49,0.122,0.4308,0.4137,0.408,4
EAST BANGALORE,Bi-directional,12.932084,77.653475,Mahadevapura,HSR Layout,Sarjapur Road,primary,primary,none,10.5m,30.0,0.3055,0.2985,0.5795,0.4422,0.1353,0.6857,0.5437,0.63,0.37,0.468,0.1478,0.4588,0.54,0.3504,0.44,4.462,0.58,0.161,0.3471,0.4043,0.449,4
EAST BANGALORE,Bi-directional,12.910716,77.639218,Mahadevapura,HSR Layout,Sarjapur Road,primary,primary,none,10.5m,30.0,0.2776,0.4852,0.6642,0.5193,0.2715,0.6896,0.5446,0.66,0.43,0.5045,0.0802,0.4043,0.51,0.3227,0.41,9.3354,0.6,0.184,0.3888,0.5209,0.287,7
EAST BANGALORE,Bi-directional,12.993909,77.69189,Mahadevapura,HSR Layout,Outer Ring Road,primary,primary,none,10.5m,31.0,0.4933,0.3562,0.4827,0.2297,0.2171,0.3852,0.4541,0.61,0.44,0.3456,0.1701,0.4592,0.57,0.4079,0.43,2.087,0.52,0.195,0.4049,0.427,0.493,6
EAST BANGALORE,Bi-directional,12.974468,77.678464,Mahadevapura,HSR Layout,Outer Ring Road,primary,primary,none,10.5m,31.0,0.3284,0.3278,0.5881,0.2914,0.0312,0.2375,0.4741,0.53,0.34,0.4725,0.1441,0.2994,0.5,0.4084,0.4,7.846,0.45,0.241,0.455,0.478,0.386,5
EAST BANGALORE,Bi-directional,12.953618,77.665468,Mahadevapura,HSR Layout,Outer Ring Road,primary,primary,none,10.5m,31.0,0.2655,0.4781,0.5741,0.3714,0.3251,0.6885,0.5204,0.67,0.42,0.3747,0.1887,0.4553,0.48,0.4492,0.48,5.5114,0.54,0.172,0.4085,0.4648,0.465,7
EAST BANGALORE,Bi-directional,12.933753,77.653619,Mahadevapura,HSR Layout,Outer Ring Road,primary,primary,none,10.5m,31.0,0.4668,0.4389,0.5715,0.3242,0.0654,0.2521,0.5563,0.59,0.3,0.4291,0.0923,0.4647,0.53,0.3809,0.36,6.0748,0.57,0.116,0.2719,0.4319,0.475,7
EAST BANGALORE,Bi-directional,12.91016,77.638953,Mahadevapura,HSR Layout,Outer Ring Road,primary,primary,none,10.5m,30.0,0.303,0.6331,0.6157,0.5298,0.3745,0.1624,0.5491,0.71,0.33,0.5172,0.1243,0.4451,0.52,0.347,0.39,5.0573,0.61,0.176,0.3755,0.4315,0.445,6
EAST BANGALORE,Bi-directional,12.994866,77.692492,Mahadevapura,HSR Layout,Varthur Road,primary,primary,none,10.5m,32.0,0.2983,0.5233,0.5086,0.2433,0.419,0.4456,0.5428,0.61,0.38,0.3722,0.1319,0.4319,0.61,0.4563,0.43,0.3838,0.48,0.217,0.3682,0.3599,0.502,5
EAST BANGALORE,Bi-directional,12.974227,77.679962,Mahadevapura,HSR Layout,Varthur Road,primary,primary,none,10.5m,30.0,0.2638,0.253,0.555,0.2937,0.3908,0.5422,0.5491,0.55,0.44,0.3526,0.1461,0.3582,0.53,0.3386,0.43,7.4205,0.52,0.134,0.4242,0.3721,0.431,7
EAST BANGALORE,Bi-directional,12.953465,77.664443,Mahadevapura,HSR Layout,Varthur Road,primary,primary,none,10.5m,30.0,0.2627,0.4702,0.5131,0.3732,0.2839,0.6748,0.5021,0.66,0.41,0.4036,0.1772,0.4439,0.49,0.3901,0.42,7.2872,0.62,0.18,0.3784,0.443,0.491,4
EAST BANGALORE,Bi-directional,12.930632,77.651911,Mahadevapura,HSR Layout,Varthur Road,primary,primary,none,10.5m,31.0,0.2749,0.4554,0.5781,0.4245,0.4717,0.4457,0.5414,0.62,0.39,0.4549,0.1321,0.4563,0.51,0.363,0.42,-1.7424,0.68,0.208,0.3237,0.448,0.372,4
EAST BANGALORE,Bi-directional,12.910615,77.63859,Mahadevapura,HSR Layout,Varthur Road,primary,primary,none,10.5m,32.0,0.1865,0.5222,0.5977,0.4495,0.1313,0.4142,0.6054,0.71,0.36,0.4627,0.1397,0.4337,0.53,0.3324,0.41,0.3631,0.6,0.212,0.3289,0.3692,0.405,4
SOUTHEAST / IT CORRIDOR,Bi-directional,12.912745,77.638408,HSR Layout,BTM Layout,27th Main Road,primary,primary,none,10.5m,32.0,0.2833,0.3933,0.7131,0.5541,0.4125,0.6428,0.5622,0.53,0.4,0.4647,0.1291,0.45,0.46,0.3561,0.43,8.8745,0.63,0.195,0.3442,0.4638,0.422,5
SOUTHEAST / IT CORRIDOR,Bi-directional,12.910771,77.631113,HSR Layout,BTM Layout,27th Main Road,primary,primary,none,10.5m,30.0,0.3927,0.5807,0.6623,0.5115,0.244,0.4473,0.5994,0.6,0.3,0.4003,0.1513,0.4511,0.53,0.3991,0.39,10.1081,0.58,0.144,0.3648,0.4766,0.408,6
SOUTHEAST / IT CORRIDOR,Bi-directional,12.913941,77.623799,HSR Layout,BTM Layout,27th Main Road,primary,primary,none,10.5m,32.0,0.3358,0.4968,0.6998,0.474,0.1626,0.2956,0.5696,0.75,0.33,0.5079,0.1057,0.424,0.55,0.3195,0.42,5.9889,0.58,0.214,0.359,0.3939,0.376,6
SOUTHEAST / IT CORRIDOR,Bi-directional,12.913132,77.616402,HSR Layout,BTM Layout,27th Main Road,primary,primary,none,10.5m,30.0,0.4634,0.3942,0.6313,0.4941,0.0936,0.6058,0.5415,0.6,0.34,0.4298,0.1133,0.3857,0.53,0.2822,0.35,10.4675,0.62,0.271,0.3169,0.4833,0.453,5
SOUTHEAST / IT CORRIDOR,Bi-directional,12.914856,77.610542,HSR Layout,BTM Layout,27th Main Road,primary,primary,none,10.5m,31.0,0.3349,0.2159,0.6515,0.4914,0.1244,0.3668,0.5793,0.59,0.43,0.4345,0.1156,0.386,0.53,0.4145,0.43,2.099,0.66,0.16,0.4222,0.4966,0.281,7
SOUTHEAST / IT CORRIDOR,Bi-directional,12.909869,77.637913,HSR Layout,BTM Layout,Sarjapur Road,primary,primary,none,10.5m,30.0,0.3955,0.5405,0.695,0.4544,0.1341,0.6966,0.5777,0.66,0.39,0.5414,0.1114,0.4952,0.53,0.2651,0.39,3.654,0.63,0.224,0.3757,0.4413,0.379,5
SOUTHEAST / IT CORRIDOR,Bi-directional,12.911838,77.633687,HSR Layout,BTM Layout,Sarjapur Road,primary,primary,none,10.5m,30.0,0.4228,0.4185,0.6115,0.5397,0.0571,0.7577,0.5844,0.62,0.38,0.4442,0.1499,0.4828,0.54,0.3613,0.41,12.163,0.65,0.148,0.3953,0.5007,0.406,5
SOUTHEAST / IT CORRIDOR,Bi-directional,12.912597,77.625461,HSR Layout,BTM Layout,Sarjapur Road,primary,primary,none,10.5m,30.0,0.4213,0.3966,0.6121,0.4703,0.4453,0.4313,0.5267,0.67,0.37,0.5782,0.1024,0.5295,0.56,0.3146,0.41,1.8054,0.58,0.153,0.3683,0.3927,0.429,4
SOUTHEAST / IT CORRIDOR,Bi-directional,12.914045,77.61947,HSR Layout,BTM Layout,Sarjapur Road,primary,primary,none,10.5m,30.0,0.3038,0.5322,0.6755,0.4908,0.2743,0.7692,0.5637,0.64,0.34,0.4694,0.0531,0.4368,0.51,0.2769,0.39,7.1821,0.62,0.178,0.3751,0.4644,0.468,7
SOUTHEAST / IT CORRIDOR,Bi-directional,12.913955,77.611116,HSR Layout,BTM Layout,Sarjapur Road,primary,primary,none,10.5m,30.0,0.5137,0.5542,0.6116,0.4782,0.3124,0.5205,0.5617,0.63,0.4,0.4362,0.0476,0.456,0.45,0.3627,0.38,-2.0268,0.54,0.174,0.3703,0.3885,0.365,4
SOUTHEAST / IT CORRIDOR,Bi-directional,12.911877,77.638429,HSR Layout,BTM Layout,24th Main Road,primary,primary,none,10.5m,31.0,0.4218,0.2097,0.7367,0.4565,0.5173,0.8542,0.5235,0.69,0.34,0.4368,0.1062,0.4668,0.53,0.2819,0.43,5.2853,0.52,0.148,0.4297,0.4474,0.34,4
SOUTHEAST / IT CORRIDOR,Bi-directional,12.913587,77.631109,HSR Layout,BTM Layout,24th Main Road,primary,primary,none,10.5m,30.0,0.3105,0.4633,0.6707,0.4675,0.2887,0.4889,0.5442,0.64,0.42,0.4426,0.1334,0.3893,0.56,0.3074,0.42,4.7424,0.61,0.19,0.3553,0.3723,0.464,5
SOUTHEAST / IT CORRIDOR,Bi-directional,12.913515,77.623774,HSR Layout,BTM Layout,24th Main Road,primary,primary,none,10.5m,34.0,0.352,0.3543,0.7296,0.4528,0.0236,0.5832,0.5196,0.7,0.37,0.4867,0.1684,0.3889,0.49,0.3265,0.45,3.0399,0.58,0.194,0.3371,0.4699,0.348,4
SOUTHEAST / IT CORRIDOR,Bi-directional,12.914026,77.615899,HSR Layout,BTM Layout,24th Main Road,primary,primary,none,10.5m,30.0,0.3846,0.2677,0.6654,0.4371,0.3528,0.3439,0.592,0.66,0.3,0.4217,0.1523,0.486,0.46,0.3864,0.41,7.4046,0.56,0.152,0.3798,0.4445,0.285,5
SOUTHEAST / IT CORRIDOR,Bi-directional,12.91401,77.612468,HSR Layout,BTM Layout,24th Main Road,primary,primary,none,10.5m,35.0,0.4396,0.5614,0.6337,0.4985,0.1784,0.4666,0.5427,0.61,0.3,0.5082,0.1062,0.4313,0.49,0.3172,0.4,7.6652,0.59,0.26,0.4119,0.4342,0.426,5
SOUTHEAST / IT CORRIDOR,Bi-directional,12.913018,77.612595,BTM Layout,HSR Layout,27th Main Road,primary,primary,none,10.5m,30.0,0.3837,0.5424,0.6996,0.431,0.2683,0.3417,0.5415,0.68,0.43,0.3666,0.1303,0.5202,0.53,0.3294,0.4,7.9292,0.59,0.171,0.3416,0.4626,0.476,4
SOUTHEAST / IT CORRIDOR,Bi-directional,12.911915,77.619246,BTM Layout,HSR Layout,27th Main Road,primary,primary,none,10.5m,34.0,0.3671,0.2024,0.6615,0.5144,0.2888,0.5745,0.4907,0.62,0.4,0.4762,0.1634,0.4388,0.53,0.3286,0.39,-1.8914,0.63,0.182,0.3353,0.3805,0.442,5
SOUTHEAST / IT CORRIDOR,Bi-directional,12.913758,77.62384,BTM Layout,HSR Layout,27th Main Road,primary,primary,none,10.5m,30.0,0.462,0.6191,0.5762,0.4319,0.1979,0.746,0.58,0.6,0.41,0.4216,0.1524,0.4724,0.48,0.3269,0.45,-1.0594,0.62,0.119,0.3609,0.4849,0.503,7
SOUTHEAST / IT CORRIDOR,Bi-directional,12.912825,77.63231,BTM Layout,HSR Layout,27th Main Road,primary,primary,none,10.5m,30.0,0.1169,0.5566,0.6505,0.4483,0.3073,0.9075,0.5619,0.69,0.34,0.3897,0.1531,0.4718,0.5,0.4002,0.37,1.1359,0.58,0.153,0.4228,0.4673,0.408,5
SOUTHEAST / IT CORRIDOR,Bi-directional,12.910895,77.640764,BTM Layout,HSR Layout,27th Main Road,primary,primary,none,10.5m,30.0,0.4538,0.3123,0.6289,0.4501,0.2752,0.7084,0.5595,0.62,0.45,0.4845,0.1332,0.4396,0.54,0.3436,0.4,4.8412,0.55,0.116,0.3488,0.5249,0.374,7
SOUTHEAST / IT CORRIDOR,Bi-directional,12.91477,77.611169,BTM Layout,HSR Layout,Sarjapur Road,primary,primary,none,10.5m,30.0,0.4294,0.3426,0.6311,0.4753,0.3088,0.6814,0.6086,0.65,0.43,0.4425,0.1546,0.4566,0.54,0.3416,0.37,1.4242,0.62,0.092,0.3984,0.4998,0.427,6
SOUTHEAST / IT CORRIDOR,Bi-directional,12.915375,77.616193,BTM Layout,HSR Layout,Sarjapur Road,primary,primary,none,10.5m,33.0,0.3136,0.3658,0.5622,0.473,0.3498,0.5189,0.5517,0.66,0.36,0.4671,0.1145,0.4008,0.51,0.3243,0.46,2.4008,0.6,0.161,0.3426,0.485,0.512,7
SOUTHEAST / IT CORRIDOR,Bi-directional,12.913901,77.625148,BTM Layout,HSR Layout,Sarjapur Road,primary,primary,none,10.5m,32.0,0.3708,0.353,0.7222,0.4294,0.0697,0.5692,0.5279,0.7,0.31,0.502,0.1509,0.4523,0.43,0.2623,0.42,4.4541,0.63,0.168,0.355,0.3427,0.451,4
SOUTHEAST / IT CORRIDOR,Bi-directional,12.913173,77.630743,BTM Layout,HSR Layout,Sarjapur Road,primary,primary,none,10.5m,32.0,0.0774,0.337,0.5742,0.5437,0.2308,0.5553,0.553,0.7,0.42,0.4534,0.1774,0.4555,0.46,0.3351,0.43,5.1786,0.58,0.252,0.3117,0.3278,0.487,4
SOUTHEAST / IT CORRIDOR,Bi-directional,12.909722,77.638634,BTM Layout,HSR Layout,Sarjapur Road,primary,primary,none,10.5m,33.0,0.3735,0.4457,0.6981,0.4842,0.4167,0.403,0.5951,0.71,0.33,0.4497,0.1594,0.4969,0.51,0.3016,0.44,10.9038,0.55,0.113,0.3704,0.4987,0.406,7
SOUTHEAST / IT CORRIDOR,Bi-directional,12.913458,77.611944,BTM Layout,HSR Layout,24th Main Road,primary,primary,none,10.5m,30.0,0.3785,0.5067,0.6827,0.4795,0.16,0.2363,0.5347,0.6,0.4,0.4936,0.1326,0.4455,0.51,0.3615,0.37,1.2112,0.69,0.114,0.3853,0.4932,0.327,5
SOUTHEAST / IT CORRIDOR,Bi-directional,12.913618,77.618226,BTM Layout,HSR Layout,24th Main Road,primary,primary,none,10.5m,31.0,0.3594,0.6226,0.697,0.4267,0.3309,0.7059,0.6152,0.64,0.36,0.4189,0.136,0.483,0.5,0.3226,0.36,9.2534,0.55,0.192,0.3722,0.4621,0.417,4
SOUTHEAST / IT CORRIDOR,Bi-directional,12.91128,77.626496,BTM Layout,HSR Layout,24th Main Road,primary,primary,none,10.5m,30.0,0.4303,0.5147,0.6566,0.4591,0.0717,0.5066,0.5251,0.61,0.42,0.496,0.1114,0.3717,0.48,0.3682,0.43,3.6599,0.61,0.073,0.2703,0.5598,0.437,5
SOUTHEAST / IT CORRIDOR,Bi-directional,12.911124,77.633372,BTM Layout,HSR Layout,24th Main Road,primary,primary,none,10.5m,30.0,0.2371,0.4982,0.6349,0.412,0.2104,0.6726,0.5517,0.73,0.4,0.4774,0.1216,0.4441,0.51,0.3188,0.43,2.2203,0.55,0.117,0.4471,0.4911,0.43,6
SOUTHEAST / IT CORRIDOR,Bi-directional,12.910895,77.639446,BTM Layout,HSR Layout,24th Main Road,primary,primary,none,10.5m,31.0,0.4516,0.5189,0.6978,0.4554,0.3341,0.4964,0.61,0.67,0.35,0.4769,0.1496,0.4262,0.52,0.2762,0.43,5.8839,0.63,0.192,0.3443,0.4252,0.372,4
