intersection_node,from_edge,to_edge,bearing_in,bearing_out,turn_angle,turn_type,turn_penalty
781,EDGE_39_42951,EDGE_781_43748,44.09,44.26,0.17,Straight,0.0
3596,EDGE_85_43000,EDGE_3596_46788,44.4,44.26,-0.14,Straight,0.0
237,EDGE_116_43033,EDGE_237_43161,44.66,44.26,-0.4,Straight,0.0
651,EDGE_165_43084,EDGE_651_43608,44.38,44.26,-0.12,Straight,0.0
3268,EDGE_176_43095,EDGE_46437_46438,43.88,44.26,0.38,Straight,0.0
836,EDGE_276_43203,EDGE_836_43808,44.06,44.26,0.2,Straight,0.0
796,EDGE_313_43244,EDGE_796_43765,43.79,44.26,0.47,Straight,0.0
3583,EDGE_381_43315,EDGE_3583_46775,44.47,44.26,-0.21,Straight,0.0
898,EDGE_43322_43323,EDGE_43874_43875,44.47,44.26,-0.21,Straight,0.0
597,EDGE_393_43329,EDGE_597_43548,43.81,44.26,0.45,Straight,0.0
1092,EDGE_43339_43340,EDGE_1092_44085,44.18,44.26,0.08,Straight,0.0
3577,EDGE_599_43550,EDGE_3577_46769,44.28,44.26,-0.02,Straight,0.0
743,EDGE_634_43589,EDGE_743_43706,43.86,44.26,0.4,Straight,0.0
697,EDGE_636_43591,EDGE_697_43659,44.69,44.26,-0.43,Straight,0.0
123,EDGE_658_43616,EDGE_123_43040,44.14,44.26,0.12,Straight,0.0
233,EDGE_43617_43618,EDGE_43156_43157,44.28,44.26,-0.02,Straight,0.0
242,EDGE_757_43720,EDGE_242_43166,43.44,44.26,0.82,Straight,0.0
3618,EDGE_765_43729,EDGE_3618_46811,44.47,44.26,-0.21,Straight,0.0
3572,EDGE_815_43786,EDGE_3572_46763,44.74,44.26,-0.48,Straight,0.0
232,EDGE_818_43789,EDGE_232_43155,43.69,44.26,0.57,Straight,0.0
3463,EDGE_862_43835,EDGE_3463_46644,44.8,44.26,-0.54,Straight,0.0
3494,EDGE_867_43840,EDGE_3494_46678,44.75,44.26,-0.49,Straight,0.0
3467,EDGE_891_43866,EDGE_3467_46648,44.53,44.26,-0.27,Straight,0.0
3304,EDGE_43908_43909,EDGE_3304_46475,43.75,44.26,0.51,Straight,0.0
3427,EDGE_938_43917,EDGE_3427_46607,44.8,44.26,-0.54,Straight,0.0
380,EDGE_978_43963,EDGE_380_43314,44.16,44.26,0.1,Straight,0.0
844,EDGE_1043_44033,EDGE_844_43816,44.12,44.26,0.14,Straight,0.0
849,EDGE_1046_44036,EDGE_43821_43822,44.73,44.26,-0.47,Straight,0.0
816,EDGE_1066_44057,EDGE_816_43787,44.45,44.26,-0.19,Straight,0.0
1120,EDGE_1137_44132,EDGE_1120_44114,44.37,44.26,-0.11,Straight,0.0
30,EDGE_1156_44152,EDGE_30_42941,43.9,44.26,0.36,Straight,0.0
1074,EDGE_1194_44193,EDGE_1074_44065,43.91,44.26,0.35,Straight,0.0
1143,EDGE_1207_44207,EDGE_1143_44138,44.47,44.26,-0.21,Straight,0.0
1502,EDGE_1449_44470,EDGE_1502_44533,44.28,44.26,-0.02,Straight,0.0
1349,EDGE_1545_44580,EDGE_1349_44360,44.29,44.26,-0.03,Straight,0.0
1551,EDGE_1603_44642,EDGE_1551_44587,43.92,44.26,0.34,Straight,0.0
1231,EDGE_1609_44650,EDGE_1231_44233,43.86,44.26,0.4,Straight,0.0
1472,EDGE_1611_44652,EDGE_1472_44496,44.09,44.26,0.17,Straight,0.0
333,EDGE_1701_44747,EDGE_333_43264,44.22,44.26,0.04,Straight,0.0
1507,EDGE_44753_44754,EDGE_1507_44539,43.87,44.26,0.39,Straight,0.0
1263,EDGE_1712_44759,EDGE_1263_44267,43.94,44.26,0.32,Straight,0.0
673,EDGE_1720_44767,EDGE_43634_43635,44.07,44.26,0.19,Straight,0.0
1181,EDGE_1749_44798,EDGE_1181_44180,43.77,44.26,0.49,Straight,0.0
1370,EDGE_1757_44807,EDGE_1370_44382,44.19,44.26,0.07,Straight,0.0
325,EDGE_1772_44823,EDGE_325_43256,44.36,44.26,-0.1,Straight,0.0
340,EDGE_1773_44824,EDGE_340_43272,44.46,44.26,-0.2,Straight,0.0
329,EDGE_1794_44846,EDGE_329_43260,44.53,44.26,-0.27,Straight,0.0
1131,EDGE_1820_44874,EDGE_1131_44126,43.94,44.26,0.32,Straight,0.0
1517,EDGE_1835_44890,EDGE_1517_44550,44.22,44.26,0.04,Straight,0.0
1424,EDGE_1836_44891,EDGE_1424_44442,43.91,44.26,0.35,Straight,0.0
1544,EDGE_1841_44896,EDGE_1544_44579,43.99,44.26,0.27,Straight,0.0
1189,EDGE_1860_44916,EDGE_1189_44188,44.15,44.26,0.11,Straight,0.0
1436,EDGE_1893_44953,EDGE_1436_44456,43.75,44.26,0.51,Straight,0.0
1395,EDGE_1900_44960,EDGE_1395_44410,43.85,44.26,0.41,Straight,0.0
1397,EDGE_1903_44963,EDGE_1397_44412,44.07,44.26,0.19,Straight,0.0
403,EDGE_1922_44983,EDGE_403_43341,44.39,44.26,-0.13,Straight,0.0
337,EDGE_1952_45015,EDGE_337_43268,43.75,44.26,0.51,Straight,0.0
390,EDGE_1969_45033,EDGE_390_43326,43.71,44.26,0.55,Straight,0.0
3071,EDGE_2008_45073,EDGE_3071_46227,44.43,44.25,-0.18,Straight,0.0
3225,EDGE_2035_45105,EDGE_3225_46392,44.09,44.25,0.16,Straight,0.0
2184,EDGE_2062_45133,EDGE_45261_45262,44.8,44.25,-0.55,Straight,0.0
2150,EDGE_2188_45266,EDGE_2150_45226,43.82,44.25,0.43,Straight,0.0
2356,EDGE_2338_45428,EDGE_2356_45448,44.6,44.25,-0.35,Straight,0.0
39669,EDGE_2379_45475,EDGE_39669_85760,44.31,44.25,-0.06,Straight,0.0
2596,EDGE_2435_45538,EDGE_2596_45708,43.84,44.25,0.41,Straight,0.0
2142,EDGE_2454_45557,EDGE_2142_45218,44.28,44.25,-0.03,Straight,0.0
2986,EDGE_2469_45573,EDGE_2986_46132,44.08,44.25,0.17,Straight,0.0
2988,EDGE_2472_45576,EDGE_2988_46134,44.32,44.25,-0.07,Straight,0.0
2154,EDGE_2501_45606,EDGE_2154_45230,44.34,44.25,-0.09,Straight,0.0
2155,EDGE_2557_45666,EDGE_2155_45231,44.06,44.25,0.19,Straight,0.0
2094,EDGE_2628_45741,EDGE_2094_45167,44.39,44.25,-0.14,Straight,0.0
2976,EDGE_2726_45850,EDGE_2976_46121,44.62,44.25,-0.37,Straight,0.0
2660,EDGE_2729_45853,EDGE_2660_45780,44.56,44.25,-0.31,Straight,0.0
2539,EDGE_2733_45857,EDGE_2539_45647,44.67,44.25,-0.42,Straight,0.0
2852,EDGE_2789_45914,EDGE_2852_45980,43.92,44.25,0.33,Straight,0.0
2638,EDGE_2793_45918,EDGE_2638_45753,43.92,44.25,0.33,Straight,0.0
2601,EDGE_2860_45990,EDGE_2601_45713,44.39,44.25,-0.14,Straight,0.0
2140,EDGE_2867_45999,EDGE_2140_45216,44.62,44.25,-0.37,Straight,0.0
3069,EDGE_2925_46065,EDGE_3069_46224,44.34,44.25,-0.09,Straight,0.0
39469,EDGE_46148_46149,EDGE_39469_85549,44.3,44.25,-0.05,Straight,0.0
2148,EDGE_3041_46193,EDGE_2148_45224,44.31,44.25,-0.06,Straight,0.0
3088,EDGE_3116_46274,EDGE_3088_46244,44.59,44.25,-0.34,Straight,0.0
2655,EDGE_3182_46347,EDGE_2655_45774,43.86,44.25,0.39,Straight,0.0
3060,EDGE_3246_46413,EDGE_3060_46212,44.57,44.25,-0.32,Straight,0.0
3519,EDGE_3396_46573,EDGE_3519_46704,44.6,44.26,-0.34,Straight,0.0
3535,EDGE_3529_46715,EDGE_3535_46721,44.1,44.26,0.16,Straight,0.0
37741,EDGE_3717_46916,EDGE_37741_83658,44.28,44.26,-0.02,Straight,0.0
4197,EDGE_46995_46996,EDGE_4197_47433,44.19,44.26,0.07,Straight,0.0
3616,EDGE_3809_47016,EDGE_3616_46809,44.78,44.26,-0.52,Straight,0.0
4271,EDGE_47046_47047,EDGE_47515_47516,44.83,44.26,-0.57,Straight,0.0
4245,EDGE_3983_47208,EDGE_4245_47486,44.17,44.26,0.09,Straight,0.0
4448,EDGE_3984_47209,EDGE_47704_47705,44.49,44.26,-0.23,Straight,0.0
3498,EDGE_4013_47239,EDGE_3498_46682,44.0,44.26,0.26,Straight,0.0
4625,EDGE_4212_47450,EDGE_4625_47898,44.05,44.26,0.21,Straight,0.0
3739,EDGE_4292_47538,EDGE_46940_46941,44.01,44.26,0.25,Straight,0.0
4179,EDGE_4293_47539,EDGE_4179_47414,43.77,44.26,0.49,Straight,0.0
3854,EDGE_47560_47561,EDGE_3854_47071,44.04,44.26,0.22,Straight,0.0
3985,EDGE_4389_47642,EDGE_3985_47210,44.15,44.26,0.11,Straight,0.0
3981,EDGE_4393_47646,EDGE_3981_47206,44.37,44.26,-0.11,Straight,0.0
3799,EDGE_4404_47657,EDGE_3799_47005,44.41,44.26,-0.15,Straight,0.0
3880,EDGE_4455_47712,EDGE_3880_47098,44.61,44.26,-0.35,Straight,0.0
3863,EDGE_4472_47730,EDGE_3863_47081,43.79,44.26,0.47,Straight,0.0
3999,EDGE_47814_47815,EDGE_3999_47224,43.74,44.26,0.52,Straight,0.0
4247,EDGE_4657_47936,EDGE_4247_47488,44.14,44.26,0.12,Straight,0.0
5065,EDGE_4675_47954,EDGE_5065_48379,43.8,44.26,0.46,Straight,0.0
3771,EDGE_4728_48012,EDGE_3771_46974,44.16,44.26,0.1,Straight,0.0
3776,EDGE_4731_48015,EDGE_46979_46980,43.87,44.26,0.39,Straight,0.0
4144,EDGE_48112_48113,EDGE_4144_47376,43.93,44.26,0.33,Straight,0.0
4431,EDGE_4828_48120,EDGE_47684_47685,44.07,44.26,0.19,Straight,0.0
4396,EDGE_4852_48145,EDGE_4396_47649,44.36,44.26,-0.1,Straight,0.0
3781,EDGE_48166_48167,EDGE_3781_46986,44.32,44.26,-0.06,Straight,0.0
3930,EDGE_4877_48172,EDGE_3930_47151,44.3,44.26,-0.04,Straight,0.0
4111,EDGE_4883_48180,EDGE_4111_47342,44.2,44.26,0.06,Straight,0.0
4093,EDGE_4891_48188,EDGE_4093_47322,43.85,44.26,0.41,Straight,0.0
3808,EDGE_4907_48205,EDGE_3808_47015,44.37,44.26,-0.11,Straight,0.0
4267,EDGE_4941_48244,EDGE_4267_47510,44.48,44.26,-0.22,Straight,0.0
3849,EDGE_4944_48247,EDGE_3849_47065,44.38,44.26,-0.12,Straight,0.0
4899,EDGE_5027_48338,EDGE_4899_48196,44.35,44.26,-0.09,Straight,0.0
5310,EDGE_5046_48359,EDGE_5310_48648,44.39,44.26,-0.13,Straight,0.0
5192,EDGE_5105_48420,EDGE_5192_48517,44.12,44.26,0.14,Straight,0.0
3918,EDGE_5116_48433,EDGE_3918_47137,44.75,44.26,-0.49,Straight,0.0
4901,EDGE_5117_48434,EDGE_4901_48198,44.19,44.26,0.07,Straight,0.0
4285,EDGE_5129_48447,EDGE_4285_47530,44.37,44.26,-0.11,Straight,0.0
3724,EDGE_5159_48481,EDGE_3724_46924,44.57,44.26,-0.31,Straight,0.0
3724,EDGE_5165_48488,EDGE_3724_46924,43.72,44.26,0.54,Straight,0.0
5312,EDGE_5187_48512,EDGE_5312_48651,44.21,44.26,0.05,Straight,0.0
5204,EDGE_5212_48537,EDGE_5204_48529,43.87,44.26,0.39,Straight,0.0
3805,EDGE_5263_48597,EDGE_3805_47012,44.38,44.26,-0.12,Straight,0.0
5333,EDGE_5270_48604,EDGE_5333_48673,43.95,44.26,0.31,Straight,0.0
4914,EDGE_5271_48605,EDGE_48212_48213,43.92,44.26,0.34,Straight,0.0
4127,EDGE_5272_48606,EDGE_4127_47358,44.38,44.26,-0.12,Straight,0.0
4221,EDGE_5356_48697,EDGE_47460_47461,44.67,44.26,-0.41,Straight,0.0
4146,EDGE_5411_48754,EDGE_4146_47378,44.11,44.26,0.15,Straight,0.0
5009,EDGE_5492_48846,EDGE_5009_48319,44.6,44.26,-0.34,Straight,0.0
5558,EDGE_5494_48848,EDGE_5558_48917,44.21,44.26,0.05,Straight,0.0
5544,EDGE_5520_48877,EDGE_5544_48903,44.16,44.26,0.1,Straight,0.0
5858,EDGE_5525_48883,EDGE_49247_49248,44.58,44.26,-0.32,Straight,0.0
4813,EDGE_5531_48889,EDGE_4813_48104,44.12,44.26,0.14,Straight,0.0
4927,EDGE_5538_48896,EDGE_4927_48227,44.38,44.26,-0.12,Straight,0.0
4923,EDGE_5539_48897,EDGE_4923_48223,44.2,44.26,0.06,Straight,0.0
4599,EDGE_48899_48900,EDGE_4599_47872,44.3,44.26,-0.04,Straight,0.0
4481,EDGE_5550_48909,EDGE_4481_47740,44.62,44.26,-0.36,Straight,0.0
5860,EDGE_5580_48939,EDGE_5860_49250,44.39,44.26,-0.13,Straight,0.0
5888,EDGE_48947_48948,EDGE_5888_49280,43.81,44.26,0.45,Straight,0.0
5453,EDGE_48956_48957,EDGE_5453_48801,44.65,44.26,-0.39,Straight,0.0
4458,EDGE_5630_48996,EDGE_4458_47715,43.68,44.26,0.58,Straight,0.0
5886,EDGE_5635_49001,EDGE_5886_49278,44.47,44.26,-0.21,Straight,0.0
4937,EDGE_5760_49140,EDGE_4937_48240,44.42,44.26,-0.16,Straight,0.0
5236,EDGE_5762_49142,EDGE_5236_48564,44.08,44.26,0.18,Straight,0.0
5234,EDGE_5791_49176,EDGE_5234_48562,43.86,44.26,0.4,Straight,0.0
5859,EDGE_5836_49224,EDGE_5859_49249,43.9,44.26,0.36,Straight,0.0
4568,EDGE_5862_49252,EDGE_4568_47834,44.67,44.26,-0.41,Straight,0.0
4594,EDGE_5881_49272,EDGE_4594_47865,44.33,44.26,-0.07,Straight,0.0
5362,EDGE_49273_49274,EDGE_5362_48703,43.98,44.26,0.28,Straight,0.0
5373,EDGE_5909_49301,EDGE_5373_48714,44.07,44.26,0.19,Straight,0.0
4957,EDGE_5944_49337,EDGE_48261_48262,44.47,44.26,-0.21,Straight,0.0
5401,EDGE_5945_49338,EDGE_5401_48744,44.79,44.26,-0.53,Straight,0.0
5769,EDGE_5948_49342,EDGE_5769_49150,44.76,44.26,-0.5,Straight,0.0
4664,EDGE_6051_49458,EDGE_4664_47943,44.11,44.26,0.15,Straight,0.0
5793,EDGE_6073_49480,EDGE_5793_49178,44.2,44.26,0.06,Straight,0.0
5783,EDGE_6075_49483,EDGE_5783_49168,43.93,44.26,0.33,Straight,0.0
6649,EDGE_6077_49486,EDGE_6649_50095,43.8,44.26,0.46,Straight,0.0
4799,EDGE_6089_49498,EDGE_4799_48089,44.84,44.26,-0.58,Straight,0.0
6616,EDGE_6156_49571,EDGE_6616_50059,44.25,44.26,0.01,Straight,0.0
5836,EDGE_6170_49586,EDGE_5836_49224,44.09,43.9,-0.19,Straight,0.0
4953,EDGE_6177_49593,EDGE_4953_48256,43.87,44.26,0.39,Straight,0.0
6369,EDGE_49662_49663,EDGE_6369_49800,44.77,44.26,-0.51,Straight,0.0
6137,EDGE_6248_49672,EDGE_6137_49551,44.74,44.26,-0.48,Straight,0.0
5820,EDGE_6278_49703,EDGE_5820_49207,44.45,44.26,-0.19,Straight,0.0
5686,EDGE_6285_49710,EDGE_5686_49059,43.98,44.26,0.28,Straight,0.0
4996,EDGE_6289_49714,EDGE_4996_48304,44.21,44.26,0.05,Straight,0.0
5521,EDGE_6354_49784,EDGE_5521_48878,44.4,44.26,-0.14,Straight,0.0
6944,EDGE_6356_49786,EDGE_6944_50413,43.92,44.26,0.34,Straight,0.0
4673,EDGE_6379_49810,EDGE_4673_47952,44.29,44.26,-0.03,Straight,0.0
4688,EDGE_6394_49825,EDGE_4688_47969,44.68,44.26,-0.42,Straight,0.0
6707,EDGE_6423_49854,EDGE_6707_50159,44.19,44.26,0.07,Straight,0.0
6179,EDGE_6441_49872,EDGE_6179_49595,44.03,44.26,0.23,Straight,0.0
5664,EDGE_6450_49881,EDGE_49033_49034,43.9,44.26,0.36,Straight,0.0
5518,EDGE_6453_49884,EDGE_5518_48875,44.11,44.26,0.15,Straight,0.0
5778,EDGE_49890_49891,EDGE_5778_49162,44.15,44.26,0.11,Straight,0.0
5715,EDGE_6462_49894,EDGE_5715_49092,44.75,44.26,-0.49,Straight,0.0
5648,EDGE_6495_49930,EDGE_5648_49015,44.03,44.26,0.23,Straight,0.0
5659,EDGE_6497_49932,EDGE_5659_49027,44.59,44.26,-0.33,Straight,0.0
5835,EDGE_49942_49943,EDGE_5835_49223,44.67,44.26,-0.41,Straight,0.0
6152,EDGE_6527_49965,EDGE_6152_49566,44.23,44.26,0.03,Straight,0.0
6379,EDGE_6579_50022,EDGE_6379_49810,43.99,44.29,0.3,Straight,0.0
5954,EDGE_6642_50088,EDGE_5954_49348,44.19,44.26,0.07,Straight,0.0
4946,EDGE_6658_50105,EDGE_4946_48249,44.61,44.26,-0.35,Straight,0.0
4947,EDGE_6659_50106,EDGE_4947_48250,44.37,44.26,-0.11,Straight,0.0
6138,EDGE_6670_50119,EDGE_6138_49552,43.88,44.26,0.38,Straight,0.0
4817,EDGE_6718_50170,EDGE_4817_48108,44.32,44.26,-0.06,Straight,0.0
4891,EDGE_6720_50172,EDGE_4891_48188,43.93,43.85,-0.08,Straight,0.0
4887,EDGE_6721_50173,EDGE_4887_48184,44.28,44.26,-0.02,Straight,0.0
5250,EDGE_6731_50184,EDGE_5250_48582,43.94,44.26,0.32,Straight,0.0
4793,EDGE_50209_50210,EDGE_4793_48082,44.28,44.26,-0.02,Straight,0.0
5287,EDGE_6755_50211,EDGE_5287_48621,44.32,44.26,-0.06,Straight,0.0
4677,EDGE_6764_50220,EDGE_4677_47957,44.01,44.26,0.25,Straight,0.0
4866,EDGE_6823_50283,EDGE_4866_48160,44.42,44.26,-0.16,Straight,0.0
6088,EDGE_6845_50307,EDGE_6088_49497,44.05,44.26,0.21,Straight,0.0
6058,EDGE_6909_50377,EDGE_6058_49465,43.71,44.26,0.55,Straight,0.0
7856,EDGE_7234_50721,EDGE_7856_51391,43.78,44.26,0.48,Straight,0.0
7371,EDGE_7291_50783,EDGE_50870_50871,44.1,44.26,0.16,Straight,0.0
7196,EDGE_7329_50822,EDGE_7196_50681,44.31,44.26,-0.05,Straight,0.0
7387,EDGE_7336_50830,EDGE_7387_50889,43.77,44.26,0.49,Straight,0.0
7860,EDGE_7343_50839,EDGE_7860_51395,44.08,44.26,0.18,Straight,0.0
7027,EDGE_7481_50990,EDGE_7027_50500,44.2,44.26,0.06,Straight,0.0
7099,EDGE_7554_51069,EDGE_7099_50577,44.35,44.26,-0.09,Straight,0.0
7072,EDGE_7592_51107,EDGE_7072_50548,44.51,44.26,-0.25,Straight,0.0
7182,EDGE_7600_51116,EDGE_7182_50665,44.59,44.26,-0.33,Straight,0.0
7487,EDGE_7621_51140,EDGE_7487_50996,43.97,44.26,0.29,Straight,0.0
7063,EDGE_7680_51203,EDGE_7063_50539,44.54,44.26,-0.28,Straight,0.0
7633,EDGE_7702_51226,EDGE_7633_51152,44.5,44.26,-0.24,Straight,0.0
8979,EDGE_7846_51381,EDGE_8979_52618,44.41,44.26,-0.15,Straight,0.0
7839,EDGE_7912_51456,EDGE_7839_51374,44.07,44.26,0.19,Straight,0.0
7067,EDGE_7952_51503,EDGE_7067_50543,43.79,44.26,0.47,Straight,0.0
7880,EDGE_7995_51551,EDGE_7880_51420,44.55,44.26,-0.29,Straight,0.0
7590,EDGE_51566_51567,EDGE_7590_51105,44.6,44.26,-0.34,Straight,0.0
7714,EDGE_51629_51630,EDGE_7714_51239,44.31,44.26,-0.05,Straight,0.0
8123,EDGE_8092_51659,EDGE_8123_51691,44.19,44.26,0.07,Straight,0.0
8834,EDGE_8115_51682,EDGE_8834_52460,44.49,44.26,-0.23,Straight,0.0
9003,EDGE_8189_51763,EDGE_52645_52646,44.54,44.26,-0.28,Straight,0.0
9187,EDGE_8275_51858,EDGE_52847_52848,43.93,44.26,0.33,Straight,0.0
9351,EDGE_8310_51895,EDGE_9351_53027,44.65,44.26,-0.39,Straight,0.0
8779,EDGE_8342_51931,EDGE_8779_52401,44.46,44.26,-0.2,Straight,0.0
8778,EDGE_8344_51933,EDGE_8778_52400,44.33,44.26,-0.07,Straight,0.0
9344,EDGE_8438_52034,EDGE_9344_53019,44.25,44.26,0.01,Straight,0.0
9136,EDGE_8569_52177,EDGE_9136_52790,44.17,44.26,0.09,Straight,0.0
9107,EDGE_8572_52180,EDGE_9107_52761,44.17,44.26,0.09,Straight,0.0
8511,EDGE_8633_52248,EDGE_52115_52116,44.1,44.26,0.16,Straight,0.0
8651,EDGE_52275_52276,EDGE_8651_52266,43.93,44.26,0.33,Straight,0.0
8513,EDGE_8661_52278,EDGE_8513_52118,43.81,44.26,0.45,Straight,0.0
8554,EDGE_8723_52343,EDGE_8554_52162,44.42,44.26,-0.16,Straight,0.0
9085,EDGE_8731_52352,EDGE_9085_52738,43.84,44.26,0.42,Straight,0.0
9288,EDGE_8799_52422,EDGE_9288_52959,44.73,44.26,-0.47,Straight,0.0
8731,EDGE_52473_52474,EDGE_8731_52352,44.27,43.84,-0.43,Straight,0.0
8315,EDGE_8922_52559,EDGE_8315_51901,44.05,44.26,0.21,Straight,0.0
9000,EDGE_8938_52576,EDGE_9000_52642,44.51,44.26,-0.25,Straight,0.0
8521,EDGE_8966_52604,EDGE_8521_52126,43.92,44.26,0.34,Straight,0.0
8608,EDGE_52639_52640,EDGE_8608_52220,43.75,44.26,0.51,Straight,0.0
10236,EDGE_9022_52667,EDGE_10236_53984,44.74,44.26,-0.48,Straight,0.0
8967,EDGE_9089_52742,EDGE_8967_52605,44.04,44.26,0.22,Straight,0.0
8609,EDGE_9101_52755,EDGE_8609_52221,44.1,44.26,0.16,Straight,0.0
8122,EDGE_9150_52807,EDGE_51689_51690,44.29,44.26,-0.03,Straight,0.0
8555,EDGE_9152_52809,EDGE_8555_52163,44.26,44.26,0.0,Straight,0.0
8639,EDGE_9153_52810,EDGE_8639_52254,44.32,44.26,-0.06,Straight,0.0
8402,EDGE_9166_52825,EDGE_8402_51998,44.0,44.26,0.26,Straight,0.0
8964,EDGE_9266_52933,EDGE_8964_52602,44.26,44.26,0.0,Straight,0.0
8366,EDGE_9337_53011,EDGE_8366_51958,43.98,44.26,0.28,Straight,0.0
8823,EDGE_9365_53042,EDGE_8823_52447,44.07,44.26,0.19,Straight,0.0
13430,EDGE_9398_53077,EDGE_13430_57419,44.03,44.25,0.22,Straight,0.0
13450,EDGE_9477_53167,EDGE_13450_57439,43.98,44.25,0.27,Straight,0.0
13130,EDGE_9550_53246,EDGE_13130_57101,44.24,44.25,0.01,Straight,0.0
13027,EDGE_9568_53268,EDGE_13027_56987,44.43,44.25,-0.18,Straight,0.0
13133,EDGE_9570_53270,EDGE_13133_57105,44.1,44.25,0.15,Straight,0.0
10515,EDGE_9652_53360,EDGE_10515_54291,44.7,44.25,-0.45,Straight,0.0
10518,EDGE_9664_53372,EDGE_10518_54294,44.59,44.25,-0.34,Straight,0.0
10618,EDGE_9682_53392,EDGE_10618_54399,44.01,44.25,0.24,Straight,0.0
12864,EDGE_9690_53400,EDGE_12864_56806,43.79,44.25,0.46,Straight,0.0
12891,EDGE_9692_53402,EDGE_12891_56834,44.67,44.25,-0.42,Straight,0.0
10412,EDGE_9729_53443,EDGE_10412_54176,44.8,44.25,-0.55,Straight,0.0
9742,EDGE_9744_53458,EDGE_9742_53456,44.39,44.25,-0.14,Straight,0.0
13567,EDGE_9778_53495,EDGE_13567_57565,44.76,44.25,-0.51,Straight,0.0
12939,EDGE_9788_53505,EDGE_12939_56886,44.81,44.25,-0.56,Straight,0.0
10739,EDGE_9808_53527,EDGE_10739_54528,43.9,44.25,0.35,Straight,0.0
14329,EDGE_9823_53542,EDGE_14329_58386,44.15,44.25,0.1,Straight,0.0
36651,EDGE_9841_53560,EDGE_36651_82474,44.06,44.25,0.19,Straight,0.0
10163,EDGE_9969_53699,EDGE_10163_53904,44.75,44.25,-0.5,Straight,0.0
10209,EDGE_9972_53704,EDGE_10209_53954,44.45,44.25,-0.2,Straight,0.0
10441,EDGE_9974_53706,EDGE_10441_54209,44.4,44.25,-0.15,Straight,0.0
10157,EDGE_9990_53723,EDGE_10157_53898,44.39,44.25,-0.14,Straight,0.0
10614,EDGE_9991_53724,EDGE_10614_54395,44.11,44.25,0.14,Straight,0.0
10796,EDGE_9993_53726,EDGE_10796_54586,43.72,44.25,0.53,Straight,0.0
9779,EDGE_10004_53737,EDGE_9779_53496,43.68,44.25,0.57,Straight,0.0
10599,EDGE_10039_53773,EDGE_10599_54380,44.22,44.44,0.22,Straight,0.0
10844,EDGE_10044_53779,EDGE_10844_54637,44.72,44.25,-0.47,Straight,0.0
9896,EDGE_10057_53792,EDGE_9896_53620,44.04,44.25,0.21,Straight,0.0
10093,EDGE_10081_53817,EDGE_10093_53829,44.42,44.25,-0.17,Straight,0.0
10560,EDGE_10099_53835,EDGE_10560_54340,43.81,44.25,0.44,Straight,0.0
10603,EDGE_10128_53867,EDGE_10603_54384,44.18,43.7,-0.48,Straight,0.0
13446,EDGE_10180_53921,EDGE_13446_57435,43.9,44.25,0.35,Straight,0.0
10879,EDGE_10201_53946,EDGE_10879_54675,44.47,44.25,-0.22,Straight,0.0
9764,EDGE_10203_53948,EDGE_9764_53480,43.99,44.25,0.26,Straight,0.0
12854,EDGE_10215_53961,EDGE_12854_56796,43.73,44.25,0.52,Straight,0.0
12865,EDGE_10217_53963,EDGE_12865_56807,44.81,44.25,-0.56,Straight,0.0
12885,EDGE_10262_54013,EDGE_56827_56828,44.75,44.25,-0.5,Straight,0.0
10429,EDGE_10283_54038,EDGE_10429_54195,44.41,44.25,-0.16,Straight,0.0
14123,EDGE_10342_54104,EDGE_14123_58167,43.81,44.25,0.44,Straight,0.0
10348,EDGE_10402_54165,EDGE_10348_54110,43.91,44.25,0.34,Straight,0.0
9950,EDGE_10415_54180,EDGE_9950_53679,43.62,44.25,0.63,Straight,0.0
36387,EDGE_10423_54189,EDGE_36387_82186,44.14,44.25,0.11,Straight,0.0
10466,EDGE_10459_54229,EDGE_10466_54236,44.16,44.25,0.09,Straight,0.0
10017,EDGE_10487_54258,EDGE_10017_53751,44.66,44.25,-0.41,Straight,0.0
9921,EDGE_10521_54297,EDGE_9921_53647,44.35,44.25,-0.1,Straight,0.0
10266,EDGE_10535_54313,EDGE_54018_54019,44.74,44.25,-0.49,Straight,0.0
10583,EDGE_10541_54320,EDGE_10583_54364,43.69,44.25,0.56,Straight,0.0
10571,EDGE_10545_54324,EDGE_10571_54352,43.97,44.25,0.28,Straight,0.0
10098,EDGE_10551_54330,EDGE_10098_53834,43.91,44.25,0.34,Straight,0.0
9809,EDGE_10568_54349,EDGE_9809_53528,44.55,44.25,-0.3,Straight,0.0
10461,EDGE_10599_54380,EDGE_10461_54231,44.44,44.25,-0.19,Straight,0.0
10443,EDGE_10603_54384,EDGE_54211_54212,43.7,44.25,0.55,Straight,0.0
10184,EDGE_10610_54391,EDGE_10184_53926,44.41,44.25,-0.16,Straight,0.0
10220,EDGE_10616_54397,EDGE_53966_53967,44.44,44.25,-0.19,Straight,0.0
10302,EDGE_10626_54409,EDGE_10302_54060,43.84,44.25,0.41,Straight,0.0
10026,EDGE_10666_54450,EDGE_10026_53760,44.49,44.25,-0.24,Straight,0.0
10499,EDGE_10765_54556,EDGE_10499_54272,44.01,44.25,0.24,Straight,0.0
13839,EDGE_10768_13839,EDGE_13839_57863,44.28,44.25,-0.03,Straight,0.0
14204,EDGE_10772_54562,EDGE_14204_58257,44.17,44.25,0.08,Straight,0.0
10655,EDGE_10774_54564,EDGE_10655_54439,44.43,44.25,-0.18,Straight,0.0
10239,EDGE_10791_54581,EDGE_10239_53987,44.17,44.25,0.08,Straight,0.0
10377,EDGE_10859_54653,EDGE_10377_54140,44.39,44.25,-0.14,Straight,0.0
11316,EDGE_10922_54722,EDGE_11316_55143,44.41,44.26,-0.15,Straight,0.0
11438,EDGE_11002_54807,EDGE_11438_55279,44.67,44.26,-0.41,Straight,0.0
10933,EDGE_54845_54846,EDGE_10933_54733,44.14,44.26,0.12,Straight,0.0
11067,EDGE_11247_55071,EDGE_11067_54877,43.78,44.26,0.48,Straight,0.0
11439,EDGE_11521_55365,EDGE_11439_55280,43.99,44.26,0.27,Straight,0.0
11707,EDGE_11692_55547,EDGE_11707_55562,43.87,44.26,0.39,Straight,0.0
11881,EDGE_11866_55733,EDGE_11881_55749,43.99,44.26,0.27,Straight,0.0
11998,EDGE_11996_55873,EDGE_11998_55875,43.98,44.26,0.28,Straight,0.0
12123,EDGE_12375_56275,EDGE_12123_56003,44.62,44.26,-0.36,Straight,0.0
12123,EDGE_12377_56277,EDGE_12123_56003,43.76,44.26,0.5,Straight,0.0
33153,EDGE_12477_56387,EDGE_33153_78680,44.08,44.26,0.18,Straight,0.0
10917,EDGE_12511_56425,EDGE_10917_54717,43.84,44.26,0.42,Straight,0.0
11140,EDGE_12518_56432,EDGE_11140_54959,44.8,44.26,-0.54,Straight,0.0
11427,EDGE_12537_56453,EDGE_11427_55266,44.3,44.26,-0.04,Straight,0.0
11155,EDGE_12551_56468,EDGE_11155_54974,44.0,44.26,0.26,Straight,0.0
11118,EDGE_12584_56503,EDGE_11118_54935,44.09,44.26,0.17,Straight,0.0
11278,EDGE_12661_56587,EDGE_11278_55104,44.2,44.26,0.06,Straight,0.0
11557,EDGE_12693_56623,EDGE_11557_55402,43.98,44.26,0.28,Straight,0.0
11345,EDGE_56638_56639,EDGE_11345_55176,43.9,44.26,0.36,Straight,0.0
35365,EDGE_12783_56718,EDGE_35365_81080,44.3,44.25,-0.05,Straight,0.0
35395,EDGE_56760_56761,EDGE_35395_81111,44.63,44.25,-0.38,Straight,0.0
13483,EDGE_12840_56778,EDGE_13483_57475,44.25,44.25,0.0,Straight,0.0
14106,EDGE_12950_56898,EDGE_14106_58149,44.08,44.25,0.17,Straight,0.0
35326,EDGE_13036_56997,EDGE_35326_81038,43.75,44.25,0.5,Straight,0.0
13463,EDGE_13103_57070,EDGE_13463_57455,43.92,44.25,0.33,Straight,0.0
13469,EDGE_13113_57081,EDGE_13469_57461,44.43,44.25,-0.18,Straight,0.0
13002,EDGE_13124_57095,EDGE_13002_56959,44.06,44.25,0.19,Straight,0.0
13428,EDGE_13160_57132,EDGE_13428_57417,44.64,44.25,-0.39,Straight,0.0
13424,EDGE_13164_57136,EDGE_13424_57413,44.51,44.25,-0.26,Straight,0.0
35349,EDGE_13165_57137,EDGE_35349_81061,43.94,44.25,0.31,Straight,0.0
35332,EDGE_13167_57140,EDGE_35332_81044,44.15,44.25,0.1,Straight,0.0
35507,EDGE_13171_57144,EDGE_35507_81230,44.59,44.25,-0.34,Straight,0.0
35339,EDGE_13180_57153,EDGE_35339_81051,44.11,44.25,0.14,Straight,0.0
35342,EDGE_13182_57155,EDGE_35342_81054,44.61,44.25,-0.36,Straight,0.0
13770,EDGE_57164_57165,EDGE_13770_57789,44.74,44.25,-0.49,Straight,0.0
13519,EDGE_13223_57199,EDGE_57514_57515,43.76,44.25,0.49,Straight,0.0
14402,EDGE_13384_57371,EDGE_14402_58464,44.28,44.25,-0.03,Straight,0.0
13751,EDGE_13415_57404,EDGE_57768_57769,44.13,44.25,0.12,Straight,0.0
13602,EDGE_13426_57415,EDGE_13602_57604,44.67,44.25,-0.42,Straight,0.0
13556,EDGE_57566_57567,EDGE_13556_57554,43.74,44.25,0.51,Straight,0.0
35317,EDGE_13573_57573,EDGE_35317_81029,44.03,44.25,0.22,Straight,0.0
35310,EDGE_13655_57660,EDGE_35310_81022,44.63,44.25,-0.38,Straight,0.0
14243,EDGE_13656_57661,EDGE_14243_58297,44.61,44.25,-0.36,Straight,0.0
13170,EDGE_13669_57676,EDGE_13170_57143,44.67,44.25,-0.42,Straight,0.0
12984,EDGE_57684_57685,EDGE_12984_56938,44.06,44.25,0.19,Straight,0.0
13462,EDGE_13698_57711,EDGE_13462_57454,43.83,44.25,0.42,Straight,0.0
13146,EDGE_13780_57799,EDGE_13146_57118,44.28,44.25,-0.03,Straight,0.0
13573,EDGE_13796_57816,EDGE_13573_57573,43.96,44.03,0.07,Straight,0.0
14233,EDGE_57823_57824,EDGE_14233_58287,44.07,44.25,0.18,Straight,0.0
12927,EDGE_13813_57834,EDGE_12927_56873,44.68,44.25,-0.43,Straight,0.0
14113,EDGE_14327_58384,EDGE_14113_58157,43.8,44.25,0.45,Straight,0.0
14355,EDGE_14335_58392,EDGE_14355_58414,44.3,44.25,-0.05,Straight,0.0
19248,EDGE_14583_58659,EDGE_19248_63695,43.92,44.26,0.34,Straight,0.0
14568,EDGE_14586_58662,EDGE_14568_58643,44.08,44.27,0.19,Straight,0.0
14658,EDGE_14699_58783,EDGE_14658_58741,43.89,44.27,0.38,Straight,0.0
14446,EDGE_14791_58880,EDGE_14446_58509,44.49,44.27,-0.22,Straight,0.0
14830,EDGE_14853_58947,EDGE_14830_58922,43.77,44.27,0.5,Straight,0.0
14813,EDGE_14880_58974,EDGE_14813_58903,44.51,44.27,-0.24,Straight,0.0
14816,EDGE_14935_59034,EDGE_14816_58906,44.52,44.27,-0.25,Straight,0.0
14498,EDGE_15005_59114,EDGE_14498_58567,44.33,44.27,-0.06,Straight,0.0
14681,EDGE_15012_59123,EDGE_14681_58764,44.77,44.27,-0.5,Straight,0.0
14918,EDGE_15064_59180,EDGE_14918_59016,43.76,44.27,0.51,Straight,0.0
14682,EDGE_15147_59272,EDGE_14682_58765,44.39,44.27,-0.12,Straight,0.0
16486,EDGE_59343_59344,EDGE_16486_60714,44.5,44.26,-0.24,Straight,0.0
17349,EDGE_15218_59350,EDGE_17349_61646,43.71,44.26,0.55,Straight,0.0
17561,EDGE_15222_59354,EDGE_17561_61876,44.54,44.26,-0.28,Straight,0.0
17685,EDGE_15224_59356,EDGE_17685_62010,44.11,44.26,0.15,Straight,0.0
18272,EDGE_15252_59386,EDGE_18272_62648,44.4,44.26,-0.14,Straight,0.0
17035,EDGE_15281_59418,EDGE_17035_61309,44.43,44.26,-0.17,Straight,0.0
15182,EDGE_15295_59433,EDGE_15182_59311,44.69,44.26,-0.43,Straight,0.0
15469,EDGE_15307_59445,EDGE_15469_59618,44.71,44.26,-0.45,Straight,0.0
17629,EDGE_59471_59472,EDGE_17629_61951,44.23,44.26,0.03,Straight,0.0
17327,EDGE_15337_59477,EDGE_17327_61622,44.42,44.26,-0.16,Straight,0.0
18022,EDGE_15355_59495,EDGE_18022_62374,44.13,44.26,0.13,Straight,0.0
19245,EDGE_15360_59500,EDGE_19245_63692,44.62,44.26,-0.36,Straight,0.0
18203,EDGE_15403_59545,EDGE_18203_62571,43.88,44.26,0.38,Straight,0.0
18232,EDGE_15419_59565,EDGE_62601_62602,44.03,44.26,0.23,Straight,0.0
17339,EDGE_15420_59566,EDGE_17339_61635,44.1,44.26,0.16,Straight,0.0
16702,EDGE_15427_59573,EDGE_16702_60947,44.32,43.71,-0.61,Straight,0.0
17266,EDGE_15440_59587,EDGE_17266_61556,43.81,44.26,0.45,Straight,0.0
15400,EDGE_15441_59588,EDGE_15400_59542,43.85,44.26,0.41,Straight,0.0
19051,EDGE_15488_59637,EDGE_19051_63483,43.84,44.26,0.42,Straight,0.0
17198,EDGE_15540_59691,EDGE_17198_61482,44.33,44.26,-0.07,Straight,0.0
15445,EDGE_15581_59736,EDGE_15445_59592,44.28,44.26,-0.02,Straight,0.0
15487,EDGE_15585_15487,EDGE_15487_59636,44.3,44.26,-0.04,Straight,0.0
17301,EDGE_15596_59751,EDGE_17301_61595,44.71,44.26,-0.45,Straight,0.0
15455,EDGE_15605_59761,EDGE_15455_59603,44.14,44.26,0.12,Straight,0.0
15451,EDGE_15610_59766,EDGE_15451_59599,44.29,44.26,-0.03,Straight,0.0
15890,EDGE_15661_59819,EDGE_15890_60069,44.01,44.26,0.25,Straight,0.0
16464,EDGE_15701_59863,EDGE_16464_60690,44.62,44.26,-0.36,Straight,0.0
28404,EDGE_15715_59878,EDGE_28404_73577,44.75,44.26,-0.49,Straight,0.0
16712,EDGE_15720_59883,EDGE_16712_60959,44.45,44.26,-0.19,Straight,0.0
16972,EDGE_15723_59887,EDGE_16972_61238,44.57,44.26,-0.31,Straight,0.0
18068,EDGE_15730_59894,EDGE_18068_62422,44.13,44.26,0.13,Straight,0.0
18127,EDGE_59904_59905,EDGE_18127_62485,44.7,44.26,-0.44,Straight,0.0
16066,EDGE_15765_59935,EDGE_16066_60261,44.55,44.26,-0.29,Straight,0.0
17261,EDGE_15768_59939,EDGE_17261_61551,44.31,44.26,-0.05,Straight,0.0
15232,EDGE_15773_59944,EDGE_15232_59364,44.31,44.26,-0.05,Straight,0.0
16514,EDGE_15803_59977,EDGE_16514_60742,44.58,44.26,-0.32,Straight,0.0
17880,EDGE_15830_60004,EDGE_17880_62217,44.01,44.26,0.25,Straight,0.0
17911,EDGE_15834_60008,EDGE_17911_62253,44.48,44.26,-0.22,Straight,0.0
17355,EDGE_60027_60028,EDGE_17355_61653,44.21,44.26,0.05,Straight,0.0
15201,EDGE_15991_60182,EDGE_15201_59331,44.56,44.26,-0.3,Straight,0.0
17281,EDGE_15993_60184,EDGE_17281_61572,44.2,44.26,0.06,Straight,0.0
16227,EDGE_15995_60186,EDGE_16227_60438,43.85,44.26,0.41,Straight,0.0
15865,EDGE_16020_60213,EDGE_15865_60043,44.8,44.26,-0.54,Straight,0.0
17933,EDGE_16023_60216,EDGE_62276_62277,44.37,44.26,-0.11,Straight,0.0
16290,EDGE_60262_60263,EDGE_16290_60505,44.8,44.26,-0.54,Straight,0.0
17915,EDGE_16077_60273,EDGE_17915_62257,44.3,44.26,-0.04,Straight,0.0
15797,EDGE_16108_60309,EDGE_15797_59970,44.41,44.26,-0.15,Straight,0.0
16325,EDGE_60468_60469,EDGE_60543_60544,44.01,44.26,0.25,Straight,0.0
15875,EDGE_16301_60516,EDGE_15875_60054,44.32,44.26,-0.06,Straight,0.0
15872,EDGE_16316_60533,EDGE_15872_60051,43.99,44.26,0.27,Straight,0.0
16455,EDGE_16319_60537,EDGE_16455_60681,44.12,44.26,0.14,Straight,0.0
15234,EDGE_16332_60551,EDGE_15234_59366,44.48,44.26,-0.22,Straight,0.0
16795,EDGE_16341_60560,EDGE_16795_61048,44.62,44.26,-0.36,Straight,0.0
17249,EDGE_16347_17249,EDGE_61537_61538,44.26,44.26,0.0,Straight,0.0
16725,EDGE_16378_60599,EDGE_16725_60973,44.78,44.26,-0.52,Straight,0.0
17227,EDGE_16399_60622,EDGE_17227_61513,44.67,44.26,-0.41,Straight,0.0
17323,EDGE_16420_60646,EDGE_17323_61618,44.43,44.26,-0.17,Straight,0.0
16138,EDGE_16444_60670,EDGE_16138_60341,44.26,44.26,0.0,Straight,0.0
16709,EDGE_16490_60718,EDGE_16709_60956,44.27,44.26,-0.01,Straight,0.0
16689,EDGE_16544_60773,EDGE_16689_60933,43.95,44.26,0.31,Straight,0.0
15264,EDGE_16550_60779,EDGE_15264_59399,44.28,44.26,-0.02,Straight,0.0
17496,EDGE_16577_60812,EDGE_17496_61803,43.86,44.26,0.4,Straight,0.0
15664,EDGE_16631_60868,EDGE_59822_59823,43.78,44.26,0.48,Straight,0.0
15326,EDGE_16643_60883,EDGE_15326_59465,44.01,44.26,0.25,Straight,0.0
15327,EDGE_16645_60885,EDGE_15327_59466,44.33,44.26,-0.07,Straight,0.0
15662,EDGE_16646_60886,EDGE_15662_59820,44.72,44.26,-0.46,Straight,0.0
15211,EDGE_16657_60897,EDGE_59341_59342,44.12,44.26,0.14,Straight,0.0
15882,EDGE_16686_60930,EDGE_15882_60061,44.47,44.26,-0.21,Straight,0.0
17772,EDGE_16702_60947,EDGE_17772_62104,43.71,44.26,0.55,Straight,0.0
19042,EDGE_16736_60985,EDGE_19042_63474,44.38,44.26,-0.12,Straight,0.0
15549,EDGE_16779_61031,EDGE_15549_59700,44.78,44.26,-0.52,Straight,0.0
15289,EDGE_16785_61037,EDGE_15289_59427,44.62,44.26,-0.36,Straight,0.0
15333,EDGE_16796_61049,EDGE_15333_59473,44.64,44.26,-0.38,Straight,0.0
15335,EDGE_61053_61054,EDGE_15335_59475,44.24,44.26,0.02,Straight,0.0
15387,EDGE_16817_61071,EDGE_15387_59529,44.26,44.26,0.0,Straight,0.0
17185,EDGE_61077_61078,EDGE_17185_61468,44.01,44.26,0.25,Straight,0.0
16921,EDGE_16832_61088,EDGE_16921_61182,44.67,44.26,-0.41,Straight,0.0
16991,EDGE_16867_61127,EDGE_16991_61257,44.16,44.26,0.1,Straight,0.0
16452,EDGE_16871_61131,EDGE_16452_60678,44.71,44.26,-0.45,Straight,0.0
16273,EDGE_16911_61171,EDGE_16273_60487,44.43,44.26,-0.17,Straight,0.0
15415,EDGE_16955_61220,EDGE_15415_59560,44.39,44.26,-0.13,Straight,0.0
16140,EDGE_16971_61237,EDGE_16140_60343,44.05,44.26,0.21,Straight,0.0
16140,EDGE_16974_61240,EDGE_16140_60343,43.52,44.26,0.74,Straight,0.0
17489,EDGE_17009_61277,EDGE_17489_61796,43.98,44.26,0.28,Straight,0.0
15330,EDGE_61279_61280,EDGE_15330_59469,44.25,44.26,0.01,Straight,0.0
19045,EDGE_17032_61306,EDGE_19045_63477,44.43,44.26,-0.17,Straight,0.0
17028,EDGE_17046_61321,EDGE_17028_61302,44.29,44.26,-0.03,Straight,0.0
15557,EDGE_17068_61343,EDGE_15557_59708,44.62,44.26,-0.36,Straight,0.0
18788,EDGE_17103_61381,EDGE_18788_63205,44.42,44.26,-0.16,Straight,0.0
17276,EDGE_61393_61394,EDGE_17276_61567,44.56,44.26,-0.3,Straight,0.0
16776,EDGE_17129_61409,EDGE_61027_61028,44.57,44.26,-0.31,Straight,0.0
16425,EDGE_17134_61414,EDGE_16425_60651,44.69,44.26,-0.43,Straight,0.0
16192,EDGE_17137_61418,EDGE_60397_60398,44.19,44.26,0.07,Straight,0.0
16763,EDGE_17145_61426,EDGE_16763_61014,43.94,44.26,0.32,Straight,0.0
15513,EDGE_17172_61455,EDGE_15513_59662,44.63,44.26,-0.37,Straight,0.0
15516,EDGE_17175_61458,EDGE_15516_59665,43.83,44.26,0.43,Straight,0.0
15987,EDGE_17211_61496,EDGE_15987_60178,44.31,44.26,-0.05,Straight,0.0
16160,EDGE_17220_61505,EDGE_60364_60365,44.19,44.26,0.07,Straight,0.0
18285,EDGE_17295_61587,EDGE_18285_62664,43.75,44.26,0.51,Straight,0.0
15276,EDGE_61593_61594,EDGE_15276_59413,44.64,44.26,-0.38,Straight,0.0
17435,EDGE_17320_61615,EDGE_17435_61739,44.65,44.26,-0.39,Straight,0.0
17333,EDGE_17353_61651,EDGE_17333_61629,44.29,44.26,-0.03,Straight,0.0
17992,EDGE_17363_61662,EDGE_17992_62341,43.97,44.26,0.29,Straight,0.0
17991,EDGE_17369_61669,EDGE_17991_62340,44.15,44.26,0.11,Straight,0.0
17641,EDGE_61699_61700,EDGE_17641_61963,44.14,44.26,0.12,Straight,0.0
17478,EDGE_17500_61807,EDGE_61783_61784,44.21,44.26,0.05,Straight,0.0
18165,EDGE_17504_61812,EDGE_18165_62527,44.43,44.26,-0.17,Straight,0.0
18207,EDGE_17505_61813,EDGE_18207_62575,44.2,44.26,0.06,Straight,0.0
6557,EDGE_17512_61821,EDGE_6557_49996,44.41,44.26,-0.15,Straight,0.0
6046,EDGE_17525_61834,EDGE_6046_49453,44.73,44.26,-0.47,Straight,0.0
17713,EDGE_17553_61866,EDGE_17713_62040,44.53,44.26,-0.27,Straight,0.0
17759,EDGE_17564_61879,EDGE_62088_62089,44.76,44.26,-0.5,Straight,0.0
17752,EDGE_17565_61880,EDGE_17752_62080,43.78,44.26,0.48,Straight,0.0
5988,EDGE_17623_61945,EDGE_5988_49386,44.29,44.26,-0.03,Straight,0.0
17716,EDGE_17693_62018,EDGE_17716_62043,43.77,44.26,0.49,Straight,0.0
6955,EDGE_17718_62045,EDGE_6955_50425,44.31,44.26,-0.05,Straight,0.0
17385,EDGE_62085_62086,EDGE_17385_61685,43.74,44.26,0.52,Straight,0.0
6143,EDGE_17839_62175,EDGE_6143_49557,44.48,44.26,-0.22,Straight,0.0
18090,EDGE_17872_62209,EDGE_18090_62447,43.81,44.26,0.45,Straight,0.0
17862,EDGE_17912_62254,EDGE_17862_62198,44.52,44.26,-0.26,Straight,0.0
17447,EDGE_17937_62282,EDGE_17447_61751,44.37,44.26,-0.11,Straight,0.0
18282,EDGE_18012_62364,EDGE_62660_62661,44.77,44.26,-0.51,Straight,0.0
6029,EDGE_18027_62380,EDGE_6029_49434,43.84,44.26,0.42,Straight,0.0
17362,EDGE_18045_62399,EDGE_17362_61661,44.31,44.26,-0.05,Straight,0.0
6122,EDGE_18069_62423,EDGE_6122_49532,44.21,44.26,0.05,Straight,0.0
6390,EDGE_18072_62426,EDGE_6390_49821,44.67,44.26,-0.41,Straight,0.0
1798,EDGE_18115_62472,EDGE_1798_44850,43.89,44.26,0.37,Straight,0.0
17641,EDGE_18171_62534,EDGE_17641_61963,44.58,44.26,-0.32,Straight,0.0
18235,EDGE_18177_62541,EDGE_18235_62605,44.29,44.26,-0.03,Straight,0.0
18160,EDGE_18219_62588,EDGE_18160_62522,43.99,44.26,0.27,Straight,0.0
17712,EDGE_18222_62591,EDGE_17712_62039,44.42,44.26,-0.16,Straight,0.0
17318,EDGE_18227_62596,EDGE_17318_61613,44.38,44.26,-0.12,Straight,0.0
6106,EDGE_18310_62690,EDGE_6106_49516,43.95,44.26,0.31,Straight,0.0
17432,EDGE_18325_62705,EDGE_17432_61736,44.43,44.26,-0.17,Straight,0.0
18541,EDGE_18498_62892,EDGE_18541_62937,44.03,44.27,0.24,Straight,0.0
18415,EDGE_18549_62947,EDGE_18415_62806,44.65,44.27,-0.38,Straight,0.0
18427,EDGE_18638_63036,EDGE_18427_62818,43.98,44.27,0.29,Straight,0.0
19308,EDGE_18709_63114,EDGE_19308_63759,44.0,44.26,0.26,Straight,0.0
17594,EDGE_18872_63294,EDGE_17594_61912,44.78,44.26,-0.52,Straight,0.0
17400,EDGE_19004_63435,EDGE_17400_61701,44.54,44.26,-0.28,Straight,0.0
17341,EDGE_19005_63436,EDGE_17341_61637,44.75,44.26,-0.49,Straight,0.0
17750,EDGE_63484_63485,EDGE_62077_62078,43.93,44.26,0.33,Straight,0.0
18981,EDGE_19089_63523,EDGE_18981_63410,44.74,44.26,-0.48,Straight,0.0
18892,EDGE_19172_63612,EDGE_18892_63315,44.18,44.26,0.08,Straight,0.0
18227,EDGE_19198_63639,EDGE_18227_62596,44.38,44.38,0.0,Straight,0.0
17250,EDGE_19204_63646,EDGE_17250_61539,44.27,44.27,0.0,Straight,0.0
19456,EDGE_19405_63862,EDGE_19456_63918,44.77,44.27,-0.5,Straight,0.0
14743,EDGE_19444_63905,EDGE_14743_58830,44.81,44.27,-0.54,Straight,0.0
15100,EDGE_19473_63937,EDGE_15100_59219,44.35,44.27,-0.08,Straight,0.0
14941,EDGE_19513_63979,EDGE_14941_59041,44.17,44.27,0.1,Straight,0.0
19608,EDGE_19545_64012,EDGE_19608_64080,44.18,44.27,0.09,Straight,0.0
18402,EDGE_19600_64071,EDGE_18402_62791,44.35,44.27,-0.08,Straight,0.0
23731,EDGE_19613_64085,EDGE_23731_68528,44.84,44.27,-0.57,Straight,0.0
23643,EDGE_19615_64087,EDGE_23643_68430,44.55,44.27,-0.28,Straight,0.0
20746,EDGE_19649_64124,EDGE_20746_65310,44.69,44.27,-0.42,Straight,0.0
20769,EDGE_19658_64133,EDGE_20769_65333,44.44,44.27,-0.17,Straight,0.0
20208,EDGE_19665_64141,EDGE_20208_64733,44.28,44.27,-0.01,Straight,0.0
20204,EDGE_19666_64142,EDGE_20204_64729,44.26,44.27,0.01,Straight,0.0
19590,EDGE_19680_64156,EDGE_64060_64061,44.75,44.27,-0.48,Straight,0.0
20579,EDGE_19715_64193,EDGE_20579_65129,44.55,44.27,-0.28,Straight,0.0
19859,EDGE_19724_64203,EDGE_19859_64350,44.65,44.27,-0.38,Straight,0.0
20692,EDGE_19738_64218,EDGE_20692_65251,43.82,44.27,0.45,Straight,0.0
20544,EDGE_64229_64230,EDGE_20544_65092,44.09,44.27,0.18,Straight,0.0
20463,EDGE_19768_64251,EDGE_20463_65003,43.84,44.27,0.43,Straight,0.0
20031,EDGE_19770_64253,EDGE_20031_64533,44.42,44.27,-0.15,Straight,0.0
20466,EDGE_19774_64258,EDGE_20466_65006,43.97,44.27,0.3,Straight,0.0
20358,EDGE_19791_64277,EDGE_20358_64896,44.47,44.27,-0.2,Straight,0.0
20526,EDGE_19817_64305,EDGE_20526_65073,44.1,44.27,0.17,Straight,0.0
20391,EDGE_19858_64349,EDGE_20391_64929,44.32,44.27,-0.05,Straight,0.0
20762,EDGE_19873_64366,EDGE_20762_65326,43.94,44.27,0.33,Straight,0.0
19581,EDGE_19879_64372,EDGE_19581_64050,44.16,44.27,0.11,Straight,0.0
23672,EDGE_19943_64440,EDGE_68460_68461,44.1,44.27,0.17,Straight,0.0
23752,EDGE_19949_64447,EDGE_23752_68550,44.14,44.27,0.13,Straight,0.0
23519,EDGE_19953_64451,EDGE_23519_68298,43.96,44.27,0.31,Straight,0.0
20053,EDGE_20004_64505,EDGE_20053_64558,43.7,44.27,0.57,Straight,0.0
20409,EDGE_20072_64578,EDGE_20409_64947,44.43,44.27,-0.16,Straight,0.0
20523,EDGE_20097_64607,EDGE_20523_65070,44.17,44.27,0.1,Straight,0.0
23947,EDGE_20205_64730,EDGE_23947_68758,44.36,44.27,-0.09,Straight,0.0
20321,EDGE_20243_64770,EDGE_20321_64853,44.49,44.27,-0.22,Straight,0.0
19585,EDGE_20252_64780,EDGE_19585_64054,44.74,44.27,-0.47,Straight,0.0
20524,EDGE_20279_64808,EDGE_20524_65071,44.5,44.27,-0.23,Straight,0.0
23930,EDGE_20407_64945,EDGE_23930_68740,44.23,44.27,0.04,Straight,0.0
23884,EDGE_20417_64955,EDGE_23884_68689,44.38,44.27,-0.11,Straight,0.0
20181,EDGE_20441_64980,EDGE_20181_64706,44.03,44.27,0.24,Straight,0.0
20420,EDGE_20450_64989,EDGE_20420_64958,44.69,44.27,-0.42,Straight,0.0
20130,EDGE_20499_65044,EDGE_20130_64645,43.8,44.27,0.47,Straight,0.0
19573,EDGE_65057_65058,EDGE_19573_64042,43.77,44.27,0.5,Straight,0.0
20121,EDGE_20538_65086,EDGE_20121_64635,43.73,44.27,0.54,Straight,0.0
20530,EDGE_20542_65090,EDGE_20530_65077,44.17,44.27,0.1,Straight,0.0
19817,EDGE_20562_65112,EDGE_19817_64305,44.14,44.1,-0.04,Straight,0.0
23585,EDGE_20626_65180,EDGE_23585_68369,44.41,44.27,-0.14,Straight,0.0
23691,EDGE_20637_65192,EDGE_23691_68482,44.69,44.27,-0.42,Straight,0.0
20042,EDGE_20679_65237,EDGE_20042_64546,44.47,44.27,-0.2,Straight,0.0
19684,EDGE_20723_65285,EDGE_19684_64161,44.33,44.27,-0.06,Straight,0.0
20212,EDGE_20759_65323,EDGE_20212_64737,44.44,44.27,-0.17,Straight,0.0
20614,EDGE_20760_65324,EDGE_65166_65167,43.83,44.27,0.44,Straight,0.0
24008,EDGE_20801_65368,EDGE_24008_68821,43.92,44.27,0.35,Straight,0.0
20711,EDGE_20811_65379,EDGE_20711_65272,44.28,44.27,-0.01,Straight,0.0
21028,EDGE_20859_65429,EDGE_21028_65611,44.17,44.27,0.1,Straight,0.0
21919,EDGE_20863_65433,EDGE_21919_66565,43.92,44.27,0.35,Straight,0.0
21142,EDGE_20873_65444,EDGE_21142_65733,44.05,44.27,0.22,Straight,0.0
20944,EDGE_20931_65508,EDGE_20944_65521,44.58,44.27,-0.31,Straight,0.0
22002,EDGE_21031_65614,EDGE_22002_66653,44.55,44.27,-0.28,Straight,0.0
22001,EDGE_21032_65615,EDGE_22001_66652,44.14,44.27,0.13,Straight,0.0
15152,EDGE_21040_65623,EDGE_59279_59280,43.7,44.27,0.57,Straight,0.0
21098,EDGE_21080_65666,EDGE_21098_65684,44.09,44.27,0.18,Straight,0.0
21079,EDGE_21102_65689,EDGE_21079_65665,44.5,44.27,-0.23,Straight,0.0
21687,EDGE_21112_65701,EDGE_21687_66314,44.63,44.27,-0.36,Straight,0.0
15093,EDGE_65779_65780,EDGE_15093_59212,43.85,44.27,0.42,Straight,0.0
21176,EDGE_21215_65815,EDGE_21176_65774,44.06,44.27,0.21,Straight,0.0
14938,EDGE_65961_65962,EDGE_14938_59038,44.36,44.27,-0.09,Straight,0.0
21121,EDGE_21392_66005,EDGE_21121_65711,44.63,44.27,-0.36,Straight,0.0
21018,EDGE_21406_66021,EDGE_21018_65599,44.26,44.27,0.01,Straight,0.0
21645,EDGE_21424_66039,EDGE_21645_66269,44.03,44.27,0.24,Straight,0.0
21026,EDGE_21505_66124,EDGE_21026_65609,44.41,44.27,-0.14,Straight,0.0
21162,EDGE_21546_66166,EDGE_21162_65758,44.2,44.27,0.07,Straight,0.0
20950,EDGE_21590_66210,EDGE_20950_65527,44.71,44.27,-0.44,Straight,0.0
14883,EDGE_21650_66275,EDGE_14883_58977,44.48,44.27,-0.21,Straight,0.0
21185,EDGE_21752_66385,EDGE_21185_65784,44.1,44.27,0.17,Straight,0.0
14848,EDGE_21768_66402,EDGE_14848_58940,43.89,44.27,0.38,Straight,0.0
21813,EDGE_21800_66434,EDGE_21813_66447,44.37,44.27,-0.1,Straight,0.0
21448,EDGE_21844_66481,EDGE_21448_66065,44.21,44.27,0.06,Straight,0.0
21750,EDGE_21865_66504,EDGE_21750_66383,44.0,44.27,0.27,Straight,0.0
21309,EDGE_21908_66552,EDGE_21309_65916,44.21,44.27,0.06,Straight,0.0
21305,EDGE_66555_66556,EDGE_21305_65912,44.69,44.27,-0.42,Straight,0.0
21548,EDGE_22033_66685,EDGE_21548_66168,44.15,44.27,0.12,Straight,0.0
21048,EDGE_22053_66707,EDGE_21048_65631,44.14,44.27,0.13,Straight,0.0
23358,EDGE_22163_66826,EDGE_23358_68123,44.19,44.27,0.08,Straight,0.0
23294,EDGE_22193_66860,EDGE_23294_68052,44.14,44.27,0.13,Straight,0.0
22273,EDGE_66980_66981,EDGE_22273_66949,44.22,44.27,0.05,Straight,0.0
22984,EDGE_22320_66997,EDGE_22984_67716,44.04,44.27,0.23,Straight,0.0
22374,EDGE_67027_67028,EDGE_22374_67057,44.16,44.27,0.11,Straight,0.0
22254,EDGE_67041_67042,EDGE_22254_66927,44.52,44.27,-0.25,Straight,0.0
22236,EDGE_22401_67086,EDGE_22236_66907,44.08,44.27,0.19,Straight,0.0
22284,EDGE_67091_67092,EDGE_22284_66960,44.77,44.27,-0.5,Straight,0.0
22495,EDGE_22440_67130,EDGE_22495_67190,43.9,44.27,0.37,Straight,0.0
22474,EDGE_22441_67131,EDGE_22474_67166,44.46,44.27,-0.19,Straight,0.0
22174,EDGE_22502_67199,EDGE_22174_66839,44.39,44.27,-0.12,Straight,0.0
22371,EDGE_22566_67267,EDGE_67053_67054,44.23,44.27,0.04,Straight,0.0
22491,EDGE_22575_67277,EDGE_22491_67185,44.4,44.27,-0.13,Straight,0.0
22219,EDGE_22586_67289,EDGE_22219_66887,43.87,44.27,0.4,Straight,0.0
23029,EDGE_22796_67510,EDGE_23029_67765,44.79,44.27,-0.52,Straight,0.0
21703,EDGE_22826_67541,EDGE_21703_66334,44.5,44.27,-0.23,Straight,0.0
23151,EDGE_22847_67563,EDGE_23151_67896,44.73,44.27,-0.46,Straight,0.0
22893,EDGE_22865_67581,EDGE_67612_67613,43.91,44.27,0.36,Straight,0.0
21794,EDGE_22915_67636,EDGE_21794_66428,44.32,44.27,-0.05,Straight,0.0
21578,EDGE_22943_67667,EDGE_21578_66198,44.85,44.27,-0.58,Straight,0.0
23143,EDGE_23069_67809,EDGE_23143_67887,44.09,44.27,0.18,Straight,0.0
22683,EDGE_23086_67828,EDGE_22683_67389,44.26,44.27,0.01,Straight,0.0
22901,EDGE_23179_67926,EDGE_22901_67621,44.41,44.27,-0.14,Straight,0.0
21788,EDGE_23187_67934,EDGE_21788_66422,44.39,44.27,-0.12,Straight,0.0
23149,EDGE_23202_67950,EDGE_67893_67894,44.61,44.27,-0.34,Straight,0.0
22676,EDGE_23246_67997,EDGE_22676_67382,43.87,44.27,0.4,Straight,0.0
18593,EDGE_23490_68267,EDGE_18593_62991,44.67,44.27,-0.4,Straight,0.0
23789,EDGE_68312_68313,EDGE_23789_68588,44.34,44.27,-0.07,Straight,0.0
23389,EDGE_23537_68319,EDGE_23389_68156,44.59,44.27,-0.32,Straight,0.0
19468,EDGE_23554_68338,EDGE_19468_63930,44.26,44.27,0.01,Straight,0.0
19424,EDGE_23555_68339,EDGE_19424_63885,44.23,44.27,0.04,Straight,0.0
18385,EDGE_23717_68513,EDGE_62771_62772,43.98,44.27,0.29,Straight,0.0
18437,EDGE_23881_68686,EDGE_18437_62829,44.83,44.27,-0.56,Straight,0.0
18460,EDGE_23953_68764,EDGE_18460_62852,43.96,44.27,0.31,Straight,0.0
24264,EDGE_24045_68860,EDGE_24264_69103,43.84,44.27,0.43,Straight,0.0
24145,EDGE_68938_68939,EDGE_24145_68971,44.32,44.27,-0.05,Straight,0.0
24090,EDGE_24116_68941,EDGE_24090_68909,43.97,44.27,0.3,Straight,0.0
24095,EDGE_24123_68948,EDGE_24095_68915,44.73,44.27,-0.46,Straight,0.0
24229,EDGE_24129_68954,EDGE_24229_69063,44.24,44.27,0.03,Straight,0.0
24717,EDGE_24196_69027,EDGE_24717_69580,44.63,44.27,-0.36,Straight,0.0
24705,EDGE_24203_69035,EDGE_24705_69566,44.25,44.63,0.38,Straight,0.0
16857,EDGE_24214_69046,EDGE_16857_61114,44.15,44.27,0.12,Straight,0.0
16858,EDGE_24224_69058,EDGE_16858_61115,44.06,44.26,0.2,Straight,0.0
16617,EDGE_24228_69062,EDGE_16617_60853,43.94,44.26,0.32,Straight,0.0
17303,EDGE_24234_69068,EDGE_17303_61597,44.33,44.26,-0.07,Straight,0.0
24108,EDGE_24306_69147,EDGE_24108_68930,43.82,44.26,0.44,Straight,0.0
24039,EDGE_24314_69155,EDGE_24039_68854,44.49,44.27,-0.22,Straight,0.0
24685,EDGE_24390_69236,EDGE_24685_69545,43.83,44.27,0.44,Straight,0.0
24176,EDGE_24398_69245,EDGE_24176_69003,44.64,44.27,-0.37,Straight,0.0
24161,EDGE_24475_69324,EDGE_24161_68988,43.82,44.27,0.45,Straight,0.0
16595,EDGE_24516_69371,EDGE_16595_60830,44.66,44.26,-0.4,Straight,0.0
16627,EDGE_24517_69372,EDGE_16627_60863,44.16,44.26,0.1,Straight,0.0
24290,EDGE_24583_69438,EDGE_24290_69131,44.08,44.27,0.19,Straight,0.0
24402,EDGE_24602_69458,EDGE_24402_69249,44.22,44.27,0.05,Straight,0.0
16094,EDGE_24650_69508,EDGE_16094_60294,44.08,44.27,0.19,Straight,0.0
16258,EDGE_24705_69566,EDGE_60470_60471,44.63,44.26,-0.37,Straight,0.0
24885,EDGE_24803_69669,EDGE_24885_69756,44.09,44.26,0.17,Straight,0.0
24939,EDGE_24818_69685,EDGE_24939_69813,44.08,44.26,0.18,Straight,0.0
24874,EDGE_24866_69737,EDGE_24874_69745,44.05,44.26,0.21,Straight,0.0
27331,EDGE_24940_69814,EDGE_27331_72413,44.65,44.26,-0.39,Straight,0.0
24854,EDGE_24960_69836,EDGE_24854_69724,43.88,44.26,0.38,Straight,0.0
25078,EDGE_24995_69873,EDGE_25078_69961,44.56,44.26,-0.3,Straight,0.0
25088,EDGE_24997_69876,EDGE_25088_69971,44.62,44.26,-0.36,Straight,0.0
27009,EDGE_25087_69970,EDGE_27009_72069,44.74,44.26,-0.48,Straight,0.0
25622,EDGE_25150_70036,EDGE_25622_70548,44.16,44.26,0.1,Straight,0.0
29594,EDGE_25239_70130,EDGE_29594_74857,44.15,44.26,0.11,Straight,0.0
25309,EDGE_25263_70156,EDGE_25309_70207,44.03,44.26,0.23,Straight,0.0
25460,EDGE_25269_70162,EDGE_25460_70373,43.84,44.26,0.42,Straight,0.0
26104,EDGE_25272_70166,EDGE_26104_71082,44.68,44.26,-0.42,Straight,0.0
25885,EDGE_25282_70177,EDGE_25885_70838,44.03,44.26,0.23,Straight,0.0
26114,EDGE_25318_70216,EDGE_26114_71092,44.04,44.26,0.22,Straight,0.0
25369,EDGE_25319_70217,EDGE_25369_70276,44.63,44.26,-0.37,Straight,0.0
25193,EDGE_25346_70248,EDGE_25193_70079,44.73,44.26,-0.47,Straight,0.0
25235,EDGE_25385_70293,EDGE_25235_70126,44.75,44.26,-0.49,Straight,0.0
25668,EDGE_25407_70316,EDGE_25668_70598,44.36,44.26,-0.1,Straight,0.0
25139,EDGE_70376_70377,EDGE_25139_70025,44.5,44.26,-0.24,Straight,0.0
25797,EDGE_25466_70380,EDGE_25797_70743,44.11,44.26,0.15,Straight,0.0
25860,EDGE_25474_70388,EDGE_25860_70812,44.51,44.26,-0.25,Straight,0.0
29603,EDGE_25490_70407,EDGE_29603_74867,44.59,44.26,-0.33,Straight,0.0
25231,EDGE_25550_70471,EDGE_25231_70121,44.63,44.26,-0.37,Straight,0.0
29674,EDGE_25704_70639,EDGE_29674_74946,44.55,44.26,-0.29,Straight,0.0
25911,EDGE_25792_70738,EDGE_25911_70867,43.91,44.26,0.35,Straight,0.0
26132,EDGE_25881_70834,EDGE_26132_71111,44.44,44.26,-0.18,Straight,0.0
27958,EDGE_25973_70937,EDGE_27958_73089,43.72,44.26,0.54,Straight,0.0
25572,EDGE_26007_70976,EDGE_70494_70495,44.05,44.26,0.21,Straight,0.0
25391,EDGE_26049_71023,EDGE_25391_70299,44.33,44.26,-0.07,Straight,0.0
25755,EDGE_26103_71081,EDGE_25755_70698,44.28,44.26,-0.02,Straight,0.0
25626,EDGE_26107_71085,EDGE_25626_70552,44.16,44.26,0.1,Straight,0.0
11408,EDGE_26152_71133,EDGE_11408_55246,44.16,44.26,0.1,Straight,0.0
11216,EDGE_26160_71141,EDGE_11216_55039,44.69,44.26,-0.43,Straight,0.0
11511,EDGE_26164_71146,EDGE_11511_55355,43.99,44.26,0.27,Straight,0.0
11230,EDGE_26204_71190,EDGE_11230_55054,43.84,44.26,0.42,Straight,0.0
11542,EDGE_26300_71297,EDGE_11542_55386,43.69,44.26,0.57,Straight,0.0
11478,EDGE_26322_71323,EDGE_11478_55319,44.14,44.26,0.12,Straight,0.0
27458,EDGE_26467_71480,EDGE_27458_72553,44.23,44.26,0.03,Straight,0.0
29060,EDGE_26468_71481,EDGE_29060_74279,43.98,44.26,0.28,Straight,0.0
26417,EDGE_26472_71485,EDGE_26417_71426,44.59,44.26,-0.33,Straight,0.0
28055,EDGE_26483_71497,EDGE_28055_73191,43.88,44.26,0.38,Straight,0.0
27458,EDGE_26522_71538,EDGE_27458_72553,44.41,44.26,-0.15,Straight,0.0
26822,EDGE_26585_71607,EDGE_26822_71865,44.1,44.26,0.16,Straight,0.0
26727,EDGE_26605_71629,EDGE_71760_71761,43.76,44.26,0.5,Straight,0.0
26945,EDGE_26608_71632,EDGE_71999_72000,43.96,44.26,0.3,Straight,0.0
27116,EDGE_26653_71680,EDGE_27116_72185,43.94,44.26,0.32,Straight,0.0
26531,EDGE_26745_71782,EDGE_71547_71548,43.98,44.26,0.28,Straight,0.0
27132,EDGE_26837_71882,EDGE_27132_72202,44.37,44.26,-0.11,Straight,0.0
26618,EDGE_26847_71892,EDGE_26618_71644,43.75,44.26,0.51,Straight,0.0
26757,EDGE_26848_71893,EDGE_26757_71794,44.28,44.26,-0.02,Straight,0.0
27144,EDGE_26850_71895,EDGE_27144_72215,43.98,44.26,0.28,Straight,0.0
27059,EDGE_26886_71934,EDGE_27059_72123,44.3,44.26,-0.04,Straight,0.0
26596,EDGE_26888_71937,EDGE_26596_71620,43.94,44.26,0.32,Straight,0.0
26578,EDGE_26921_71971,EDGE_71598_71599,44.44,44.26,-0.18,Straight,0.0
26972,EDGE_27072_72136,EDGE_26972_72031,44.03,44.26,0.23,Straight,0.0
26725,EDGE_27154_72225,EDGE_26725_71758,44.13,44.26,0.13,Straight,0.0
27888,EDGE_27452_72547,EDGE_27888_73014,43.94,44.26,0.32,Straight,0.0
29259,EDGE_27455_72550,EDGE_29259_74497,44.39,44.26,-0.13,Straight,0.0
27691,EDGE_27483_72579,EDGE_27691_72803,43.86,44.26,0.4,Straight,0.0
28509,EDGE_27484_72580,EDGE_28509_73688,43.89,44.26,0.37,Straight,0.0
29260,EDGE_27634_72741,EDGE_29260_74498,43.76,44.26,0.5,Straight,0.0
27379,EDGE_27636_72743,EDGE_27379_72466,43.8,44.26,0.46,Straight,0.0
29088,EDGE_27644_72751,EDGE_29088_74310,44.66,44.26,-0.4,Straight,0.0
29099,EDGE_27673_72783,EDGE_29099_74322,44.45,44.26,-0.19,Straight,0.0
27971,EDGE_27756_72871,EDGE_27971_73103,44.39,44.26,-0.13,Straight,0.0
29232,EDGE_27802_72919,EDGE_74468_74469,44.83,44.26,-0.57,Straight,0.0
27547,EDGE_27825_72944,EDGE_27547_72647,43.82,44.26,0.44,Straight,0.0
27500,EDGE_27837_72959,EDGE_27500_72597,44.47,44.26,-0.21,Straight,0.0
27507,EDGE_27867_72991,EDGE_27507_72605,44.38,44.26,-0.12,Straight,0.0
27852,EDGE_27873_72998,EDGE_27852_72975,43.95,44.26,0.31,Straight,0.0
29276,EDGE_27914_73041,EDGE_29276_74515,43.93,44.26,0.33,Straight,0.0
27835,EDGE_27931_73060,EDGE_27835_72957,44.76,44.26,-0.5,Straight,0.0
27884,EDGE_27940_73070,EDGE_27884_73010,43.93,44.26,0.33,Straight,0.0
27899,EDGE_27943_73073,EDGE_27899_73026,44.54,44.26,-0.28,Straight,0.0
27892,EDGE_27946_73077,EDGE_27892_73019,44.38,44.26,-0.12,Straight,0.0
28327,EDGE_27950_73081,EDGE_28327_73491,44.75,44.26,-0.49,Straight,0.0
28998,EDGE_27953_73084,EDGE_28998_74213,44.06,44.26,0.2,Straight,0.0
27797,EDGE_27975_73107,EDGE_27797_72914,44.78,44.26,-0.52,Straight,0.0
28014,EDGE_28059_73195,EDGE_28014_73148,44.33,44.26,-0.07,Straight,0.0
28275,EDGE_28077_73213,EDGE_73432_73433,44.28,44.26,-0.02,Straight,0.0
27647,EDGE_28099_73239,EDGE_27647_72754,44.45,44.26,-0.19,Straight,0.0
28689,EDGE_28104_73244,EDGE_28689_73880,44.73,44.26,-0.47,Straight,0.0
28297,EDGE_28110_73250,EDGE_28297_73458,44.28,44.26,-0.02,Straight,0.0
28667,EDGE_28125_73268,EDGE_28667_73856,44.14,44.26,0.12,Straight,0.0
28165,EDGE_28215_73365,EDGE_28165_73309,43.93,44.26,0.33,Straight,0.0
28204,EDGE_28216_73366,EDGE_28204_73352,43.93,44.26,0.33,Straight,0.0
28168,EDGE_28227_73378,EDGE_28168_73312,44.27,44.26,-0.01,Straight,0.0
28274,EDGE_28247_73401,EDGE_28274_73431,44.82,44.26,-0.56,Straight,0.0
28660,EDGE_28267_73423,EDGE_28660_73849,44.26,44.26,0.0,Straight,0.0
27993,EDGE_28315_73478,EDGE_27993_73126,44.24,44.26,0.02,Straight,0.0
27858,EDGE_28338_73504,EDGE_27858_72981,43.89,44.26,0.37,Straight,0.0
28910,EDGE_28424_73598,EDGE_28910_74118,44.38,44.26,-0.12,Straight,0.0
27687,EDGE_28512_73691,EDGE_27687_72799,44.63,44.26,-0.37,Straight,0.0
28604,EDGE_28631_73819,EDGE_28604_73789,43.81,44.26,0.45,Straight,0.0
6745,EDGE_28661_73850,EDGE_6745_50199,43.85,44.26,0.41,Straight,0.0
6745,EDGE_28662_73851,EDGE_6745_50199,44.62,44.26,-0.36,Straight,0.0
6182,EDGE_28672_73861,EDGE_6182_49598,43.81,44.26,0.45,Straight,0.0
6181,EDGE_28673_73862,EDGE_6181_49597,43.9,44.26,0.36,Straight,0.0
6746,EDGE_28674_73863,EDGE_6746_50200,44.17,44.26,0.09,Straight,0.0
28094,EDGE_28715_73907,EDGE_28094_73232,44.2,44.26,0.06,Straight,0.0
29148,EDGE_28744_73938,EDGE_29148_74376,44.04,44.26,0.22,Straight,0.0
27816,EDGE_28767_73963,EDGE_27816_72933,44.31,44.26,-0.05,Straight,0.0
27805,EDGE_28772_73968,EDGE_27805_72922,44.49,44.26,-0.23,Straight,0.0
28233,EDGE_28790_73987,EDGE_28233_73385,44.05,44.26,0.21,Straight,0.0
27869,EDGE_28797_73994,EDGE_27869_72993,44.01,44.26,0.25,Straight,0.0
27863,EDGE_28800_73998,EDGE_72986_72987,43.89,44.26,0.37,Straight,0.0
27397,EDGE_28811_74010,EDGE_27397_72485,44.7,44.26,-0.44,Straight,0.0
27684,EDGE_28825_74025,EDGE_27684_72795,44.38,44.26,-0.12,Straight,0.0
27693,EDGE_74111_74112,EDGE_27693_72805,44.36,44.26,-0.1,Straight,0.0
27856,EDGE_28972_74185,EDGE_27856_72979,44.58,44.26,-0.32,Straight,0.0
6676,EDGE_28990_74204,EDGE_50126_50127,43.79,44.26,0.47,Straight,0.0
29161,EDGE_29001_74217,EDGE_29161_74390,43.85,44.26,0.41,Straight,0.0
27599,EDGE_29065_74284,EDGE_27599_72702,44.61,44.26,-0.35,Straight,0.0
28350,EDGE_29133_74360,EDGE_28350_73517,44.27,44.26,-0.01,Straight,0.0
27680,EDGE_29158_74387,EDGE_27680_72790,44.45,44.26,-0.19,Straight,0.0
28703,EDGE_74434_74435,EDGE_28703_73894,44.07,44.26,0.19,Straight,0.0
28256,EDGE_29243_74481,EDGE_28256_73411,44.67,44.26,-0.41,Straight,0.0
28810,EDGE_29257_74495,EDGE_28810_74009,44.26,44.26,0.0,Straight,0.0
27363,EDGE_29330_74574,EDGE_72448_72449,44.38,44.26,-0.12,Straight,0.0
27735,EDGE_29336_74581,EDGE_27735_72848,44.47,44.26,-0.21,Straight,0.0
28377,EDGE_29346_74592,EDGE_73547_73548,44.65,44.26,-0.39,Straight,0.0
28423,EDGE_29379_74627,EDGE_73596_73597,43.94,44.26,0.32,Straight,0.0
27718,EDGE_74636_74637,EDGE_27718_72831,44.34,44.26,-0.08,Straight,0.0
29301,EDGE_29445_74694,EDGE_29301_74541,43.84,44.26,0.42,Straight,0.0
27930,EDGE_29453_74703,EDGE_27930_73059,44.11,44.26,0.15,Straight,0.0
29021,EDGE_29473_74724,EDGE_29021_74239,44.62,44.26,-0.36,Straight,0.0
28342,EDGE_29474_74725,EDGE_28342_73508,44.16,44.26,0.1,Straight,0.0
28821,EDGE_29484_74737,EDGE_28821_74021,44.42,44.26,-0.16,Straight,0.0
16205,EDGE_29531_74790,EDGE_16205_60411,44.02,44.26,0.24,Straight,0.0
27644,EDGE_29540_74799,EDGE_27644_72751,44.45,44.66,0.21,Straight,0.0
28765,EDGE_29589_74852,EDGE_28765_73961,44.73,44.26,-0.47,Straight,0.0
27920,EDGE_74909_74910,EDGE_27920_73047,43.79,44.26,0.47,Straight,0.0
28022,EDGE_29664_74935,EDGE_28022_73157,44.36,44.26,-0.1,Straight,0.0
28434,EDGE_29679_74953,EDGE_28434_73608,44.57,44.26,-0.31,Straight,0.0
27919,EDGE_29683_74958,EDGE_27919_73046,44.52,44.26,-0.26,Straight,0.0
29838,EDGE_29762_75043,EDGE_75123_75124,44.54,44.26,-0.28,Straight,0.0
29839,EDGE_29818_75101,EDGE_29839_75125,44.28,44.26,-0.02,Straight,0.0
30461,EDGE_29830_75115,EDGE_30461_75795,43.8,44.26,0.46,Straight,0.0
30959,EDGE_29863_75153,EDGE_30959_76333,44.58,44.26,-0.32,Straight,0.0
30806,EDGE_29896_75187,EDGE_30806_76165,44.68,44.26,-0.42,Straight,0.0
30200,EDGE_29918_75211,EDGE_30200_75506,44.44,44.26,-0.18,Straight,0.0
29858,EDGE_29933_75226,EDGE_29858_75148,44.39,44.26,-0.13,Straight,0.0
30602,EDGE_29962_75258,EDGE_30602_75949,44.21,44.27,0.06,Straight,0.0
29819,EDGE_30007_75305,EDGE_29819_75102,43.76,44.27,0.51,Straight,0.0
30165,EDGE_75308_75309,EDGE_30165_75470,44.69,44.26,-0.43,Straight,0.0
30378,EDGE_30095_75394,EDGE_30378_75706,44.13,44.27,0.14,Straight,0.0
30612,EDGE_75594_75595,EDGE_30612_75960,44.01,44.26,0.25,Straight,0.0
30445,EDGE_30299_75615,EDGE_30445_75776,43.72,44.27,0.55,Straight,0.0
29802,EDGE_30355_75678,EDGE_29802_75085,44.43,44.27,-0.16,Straight,0.0
29870,EDGE_75697_75698,EDGE_29870_75161,44.34,44.27,-0.07,Straight,0.0
30131,EDGE_30380_75708,EDGE_30131_75432,43.88,44.26,0.38,Straight,0.0
29742,EDGE_30394_75722,EDGE_29742_75021,44.4,44.27,-0.13,Straight,0.0
30316,EDGE_30435_75765,EDGE_30316_75632,44.37,44.26,-0.11,Straight,0.0
29713,EDGE_30500_75835,EDGE_29713_74989,43.96,44.27,0.31,Straight,0.0
29806,EDGE_75849_75850,EDGE_29806_75089,44.16,44.27,0.11,Straight,0.0
29808,EDGE_30572_75917,EDGE_29808_75091,44.65,44.27,-0.38,Straight,0.0
30173,EDGE_30599_75946,EDGE_30173_75478,44.32,44.26,-0.06,Straight,0.0
29957,EDGE_30644_75996,EDGE_29957_75253,43.85,44.27,0.42,Straight,0.0
30838,EDGE_76115_76116,EDGE_30838_76201,44.44,44.26,-0.18,Straight,0.0
30826,EDGE_30764_76123,EDGE_30826_76187,44.13,44.26,0.13,Straight,0.0
30854,EDGE_30780_76139,EDGE_30854_76217,43.79,44.26,0.47,Straight,0.0
30963,EDGE_30805_76164,EDGE_30963_76337,44.68,44.26,-0.42,Straight,0.0
12147,EDGE_31041_76420,EDGE_12147_56028,44.77,44.26,-0.51,Straight,0.0
31195,EDGE_31068_76448,EDGE_31195_76579,44.04,44.27,0.23,Straight,0.0
31037,EDGE_31117_76499,EDGE_31037_76416,44.35,44.27,-0.08,Straight,0.0
12031,EDGE_31202_76586,EDGE_12031_55909,44.51,44.26,-0.25,Straight,0.0
31207,EDGE_31239_76626,EDGE_31207_76591,43.77,44.27,0.5,Straight,0.0
32407,EDGE_31612_77028,EDGE_32407_77879,44.83,44.27,-0.56,Straight,0.0
32277,EDGE_31688_77110,EDGE_32277_77738,43.83,44.1,0.27,Straight,0.0
34689,EDGE_31817_77244,EDGE_34689_80348,44.32,44.27,-0.05,Straight,0.0
31860,EDGE_31924_77359,EDGE_77291_77292,44.05,44.27,0.22,Straight,0.0
31889,EDGE_31925_77360,EDGE_31889_77323,43.9,44.27,0.37,Straight,0.0
31804,EDGE_31937_77374,EDGE_31804_77231,43.94,44.27,0.33,Straight,0.0
31783,EDGE_32175_77628,EDGE_31783_77210,44.7,44.27,-0.43,Straight,0.0
32170,EDGE_77698_77699,EDGE_32170_77623,44.76,44.27,-0.49,Straight,0.0
31669,EDGE_32242_77701,EDGE_31669_77090,43.83,44.27,0.44,Straight,0.0
31778,EDGE_77726_77727,EDGE_31778_77205,44.8,44.27,-0.53,Straight,0.0
34766,EDGE_32277_77738,EDGE_34766_80434,44.1,44.27,0.17,Straight,0.0
32234,EDGE_32286_77747,EDGE_32234_77692,44.55,44.27,-0.28,Straight,0.0
32302,EDGE_32344_77812,EDGE_32302_77764,44.37,44.27,-0.1,Straight,0.0
32588,EDGE_32667_78156,EDGE_32588_78072,44.42,44.27,-0.15,Straight,0.0
32455,EDGE_32754_78250,EDGE_77931_77932,44.24,44.27,0.03,Straight,0.0
32940,EDGE_32864_78369,EDGE_32940_78452,43.94,44.27,0.33,Straight,0.0
32832,EDGE_32916_78427,EDGE_78332_78333,44.56,44.27,-0.29,Straight,0.0
33266,EDGE_33242_78775,EDGE_33266_78801,43.85,44.26,0.41,Straight,0.0
33535,EDGE_33293_78830,EDGE_33535_79090,44.4,44.25,-0.15,Straight,0.0
34099,EDGE_33495_79047,EDGE_34099_79701,44.31,44.25,-0.06,Straight,0.0
34094,EDGE_33504_79056,EDGE_34094_79696,44.44,44.25,-0.19,Straight,0.0
33292,EDGE_33524_79078,EDGE_33292_78829,44.06,44.25,0.19,Straight,0.0
33729,EDGE_33540_79095,EDGE_33729_79296,44.23,44.25,0.02,Straight,0.0
33710,EDGE_33554_79110,EDGE_33710_79275,44.63,44.25,-0.38,Straight,0.0
33903,EDGE_33596_79154,EDGE_33903_79486,44.23,44.25,0.02,Straight,0.0
34184,EDGE_33599_79157,EDGE_79793_79794,44.4,44.25,-0.15,Straight,0.0
34111,EDGE_33659_79220,EDGE_34111_79714,44.41,44.25,-0.16,Straight,0.0
34123,EDGE_33660_79221,EDGE_34123_79729,44.29,44.25,-0.04,Straight,0.0
34421,EDGE_33703_79268,EDGE_34421_80055,44.23,44.25,0.02,Straight,0.0
33904,EDGE_33843_79423,EDGE_33904_79487,43.98,44.25,0.27,Straight,0.0
33711,EDGE_34012_79603,EDGE_33711_79276,43.74,44.25,0.51,Straight,0.0
34197,EDGE_34132_79738,EDGE_34197_79810,44.68,44.68,0.0,Straight,0.0
33306,EDGE_34143_79750,EDGE_33306_78843,44.44,44.25,-0.19,Straight,0.0
33972,EDGE_34197_79810,EDGE_33972_79560,44.68,44.25,-0.43,Straight,0.0
34235,EDGE_34285_79906,EDGE_34235_79849,44.13,44.25,0.12,Straight,0.0
34219,EDGE_34289_79910,EDGE_34219_79832,44.31,44.25,-0.06,Straight,0.0
34212,EDGE_34294_79915,EDGE_34212_79825,44.52,44.25,-0.27,Straight,0.0
33874,EDGE_34419_80053,EDGE_33874_79457,44.57,44.25,-0.32,Straight,0.0
34110,EDGE_34476_80113,EDGE_34110_79713,43.24,44.25,1.01,Straight,0.0
30938,EDGE_34545_80188,EDGE_76309_76310,44.05,44.26,0.21,Straight,0.0
30951,EDGE_34564_80207,EDGE_30951_76323,44.67,44.26,-0.41,Straight,0.0
30861,EDGE_80237_80238,EDGE_30861_76225,44.06,44.26,0.2,Straight,0.0
30692,EDGE_34641_80296,EDGE_30692_76047,44.41,44.26,-0.15,Straight,0.0
13111,EDGE_34801_80473,EDGE_13111_57079,44.18,44.25,0.07,Straight,0.0
37363,EDGE_34882_80558,EDGE_37363_83249,44.45,44.25,-0.2,Straight,0.0
37973,EDGE_34902_80578,EDGE_37973_83908,44.82,44.25,-0.57,Straight,0.0
39281,EDGE_34919_80596,EDGE_39281_85346,44.44,44.25,-0.19,Straight,0.0
35122,EDGE_35040_80729,EDGE_35122_80817,44.14,44.25,0.11,Straight,0.0
36817,EDGE_80877_80878,EDGE_36817_82660,44.04,44.25,0.21,Straight,0.0
35224,EDGE_35236_80945,EDGE_35224_80932,43.91,44.25,0.34,Straight,0.0
13025,EDGE_35481_81203,EDGE_13025_56985,43.98,44.25,0.27,Straight,0.0
35538,EDGE_35536_81260,EDGE_35538_81262,43.94,44.25,0.31,Straight,0.0
35623,EDGE_35558_81285,EDGE_35623_81359,44.19,44.71,0.52,Straight,0.0
36386,EDGE_35566_81296,EDGE_36386_82185,44.05,44.25,0.2,Straight,0.0
36459,EDGE_35604_81339,EDGE_36459_82264,44.28,44.25,-0.03,Straight,0.0
37158,EDGE_35605_81340,EDGE_37158_83029,44.41,44.25,-0.16,Straight,0.0
36607,EDGE_35623_81359,EDGE_36607_82427,44.71,44.25,-0.46,Straight,0.0
37121,EDGE_35660_81399,EDGE_37121_82989,44.04,44.25,0.21,Straight,0.0
35279,EDGE_35667_81408,EDGE_35279_80990,44.12,44.25,0.13,Straight,0.0
36944,EDGE_35675_81416,EDGE_36944_82799,44.74,44.25,-0.49,Straight,0.0
36573,EDGE_35690_81435,EDGE_36573_82390,44.59,44.25,-0.34,Straight,0.0
36559,EDGE_35699_81446,EDGE_36559_82374,43.81,44.25,0.44,Straight,0.0
35721,EDGE_35746_81495,EDGE_35721_81469,44.23,44.25,0.02,Straight,0.0
37027,EDGE_35774_81527,EDGE_37027_82887,44.03,44.25,0.22,Straight,0.0
36418,EDGE_35790_81545,EDGE_36418_82220,44.1,43.92,-0.18,Straight,0.0
37180,EDGE_81561_81562,EDGE_37180_83054,44.12,44.25,0.13,Straight,0.0
37181,EDGE_35806_81563,EDGE_37181_83055,43.91,44.25,0.34,Straight,0.0
36230,EDGE_35814_81571,EDGE_36230_82013,44.62,44.25,-0.37,Straight,0.0
35880,EDGE_35866_35880,EDGE_35880_81640,44.25,44.25,0.0,Straight,0.0
37023,EDGE_35914_81676,EDGE_37023_82883,44.49,44.25,-0.24,Straight,0.0
36629,EDGE_35960_81725,EDGE_36629_82451,43.67,44.25,0.58,Straight,0.0
35671,EDGE_36023_81793,EDGE_35671_81412,44.18,44.25,0.07,Straight,0.0
35244,EDGE_36038_81809,EDGE_35244_80954,44.38,44.25,-0.13,Straight,0.0
36595,EDGE_36046_81817,EDGE_36595_82413,44.28,44.25,-0.03,Straight,0.0
36951,EDGE_36099_81877,EDGE_36951_82806,44.1,44.25,0.15,Straight,0.0
36933,EDGE_36108_81887,EDGE_82787_82788,44.37,44.25,-0.12,Straight,0.0
35570,EDGE_36172_81952,EDGE_35570_81300,44.27,44.25,-0.02,Straight,0.0
35633,EDGE_36183_81963,EDGE_35633_81370,44.53,44.25,-0.28,Straight,0.0
36811,EDGE_36194_81975,EDGE_36811_82653,43.73,44.25,0.52,Straight,0.0
37185,EDGE_36214_81996,EDGE_37185_83059,44.04,44.25,0.21,Straight,0.0
36174,EDGE_36272_82057,EDGE_36174_81954,43.74,44.25,0.51,Straight,0.0
36047,EDGE_36418_82220,EDGE_36047_81818,43.92,44.25,0.33,Straight,0.0
35210,EDGE_36419_82221,EDGE_35210_80917,44.48,44.25,-0.23,Straight,0.0
36853,EDGE_36431_82233,EDGE_36853_82700,44.36,44.25,-0.11,Straight,0.0
37106,EDGE_36506_82316,EDGE_37106_82972,43.84,44.25,0.41,Straight,0.0
37152,EDGE_36542_82357,EDGE_37152_83021,44.76,44.25,-0.51,Straight,0.0
36921,EDGE_36558_82373,EDGE_36921_82775,44.41,44.25,-0.16,Straight,0.0
35445,EDGE_36633_82455,EDGE_35445_81164,43.97,44.25,0.28,Straight,0.0
35214,EDGE_36641_82464,EDGE_35214_80921,44.05,44.25,0.2,Straight,0.0
35401,EDGE_36645_82468,EDGE_35401_81117,43.99,44.25,0.26,Straight,0.0
35243,EDGE_36652_82475,EDGE_35243_80953,43.72,44.25,0.53,Straight,0.0
36877,EDGE_36735_82569,EDGE_36877_82729,44.45,44.25,-0.2,Straight,0.0
35751,EDGE_36960_82817,EDGE_35751_81500,44.39,44.25,-0.14,Straight,0.0
36354,EDGE_82819_82820,EDGE_36354_82150,44.57,44.25,-0.32,Straight,0.0
36369,EDGE_36980_82838,EDGE_36369_82167,44.14,44.25,0.11,Straight,0.0
36788,EDGE_36997_82855,EDGE_36788_82629,44.13,44.25,0.12,Straight,0.0
35503,EDGE_37037_82897,EDGE_35503_81226,44.6,44.25,-0.35,Straight,0.0
14134,EDGE_37041_82902,EDGE_14134_58178,44.39,44.25,-0.14,Straight,0.0
35569,EDGE_82920_82921,EDGE_35569_81299,44.48,44.25,-0.23,Straight,0.0
35968,EDGE_37061_82924,EDGE_35968_81733,44.03,44.25,0.22,Straight,0.0
35523,EDGE_37134_83002,EDGE_81246_81247,44.13,44.25,0.12,Straight,0.0
36443,EDGE_37148_83016,EDGE_36443_82247,44.49,44.25,-0.24,Straight,0.0
36095,EDGE_37170_83043,EDGE_36095_81873,43.93,44.25,0.32,Straight,0.0
36051,EDGE_37192_83066,EDGE_36051_81822,44.67,44.25,-0.42,Straight,0.0
38054,EDGE_37225_83101,EDGE_38054_83997,44.04,44.25,0.21,Straight,0.0
39309,EDGE_37278_83157,EDGE_39309_85374,44.31,44.25,-0.06,Straight,0.0
39267,EDGE_37281_83160,EDGE_39267_85331,44.33,44.25,-0.08,Straight,0.0
38366,EDGE_37283_83162,EDGE_38366_84348,44.48,44.42,-0.06,Straight,0.0
37999,EDGE_37289_83169,EDGE_37999_83936,43.79,44.26,0.47,Straight,0.0
34977,EDGE_37341_83226,EDGE_34977_80658,44.41,44.25,-0.16,Straight,0.0
34805,EDGE_37342_83227,EDGE_34805_80477,44.67,44.25,-0.42,Straight,0.0
34844,EDGE_37344_83229,EDGE_34844_80518,44.11,44.25,0.14,Straight,0.0
38589,EDGE_37396_83283,EDGE_38589_84597,44.52,44.25,-0.27,Straight,0.0
39170,EDGE_37433_83322,EDGE_39170_85219,43.86,44.25,0.39,Straight,0.0
37322,EDGE_37457_83349,EDGE_37322_83207,44.02,44.25,0.23,Straight,0.0
37753,EDGE_37471_83364,EDGE_37753_83671,44.39,44.25,-0.14,Straight,0.0
37471,EDGE_37476_83370,EDGE_37471_83364,44.09,44.39,0.3,Straight,0.0
37698,EDGE_37493_83388,EDGE_37698_83613,44.07,44.25,0.18,Straight,0.0
39307,EDGE_37507_83402,EDGE_39307_85372,44.6,44.25,-0.35,Straight,0.0
38108,EDGE_37516_83412,EDGE_38108_84058,43.86,44.25,0.39,Straight,0.0
39244,EDGE_37545_83443,EDGE_85304_85305,44.37,44.26,-0.11,Straight,0.0
38326,EDGE_37563_83462,EDGE_38326_84300,44.53,44.25,-0.28,Straight,0.0
38635,EDGE_37598_83499,EDGE_38635_84646,44.44,44.25,-0.19,Straight,0.0
37619,EDGE_37659_83568,EDGE_37619_83525,44.83,44.25,-0.58,Straight,0.0
37467,EDGE_37662_83571,EDGE_37467_83360,44.51,44.25,-0.26,Straight,0.0
34833,EDGE_37676_83588,EDGE_34833_80505,44.08,44.25,0.17,Straight,0.0
34957,EDGE_83590_83591,EDGE_34957_80636,44.71,44.25,-0.46,Straight,0.0
34975,EDGE_37682_83596,EDGE_34975_80656,44.63,44.25,-0.38,Straight,0.0
37262,EDGE_37696_83611,EDGE_83138_83139,44.59,44.25,-0.34,Straight,0.0
34941,EDGE_37712_83627,EDGE_34941_80619,43.71,44.25,0.54,Straight,0.0
38570,EDGE_37745_83662,EDGE_38570_84575,44.04,44.25,0.21,Straight,0.0
34919,EDGE_37746_83663,EDGE_34919_80596,43.71,44.44,0.73,Straight,0.0
34894,EDGE_37752_83670,EDGE_34894_80570,44.48,44.25,-0.23,Straight,0.0
34880,EDGE_37761_83679,EDGE_80555_80556,44.18,44.25,0.07,Straight,0.0
38341,EDGE_37770_83688,EDGE_38341_84317,43.9,44.25,0.35,Straight,0.0
37877,EDGE_37823_83748,EDGE_37877_83803,44.48,44.25,-0.23,Straight,0.0
38648,EDGE_37845_83770,EDGE_38648_84661,43.82,44.25,0.43,Straight,0.0
39312,EDGE_37857_83783,EDGE_39312_85378,43.87,44.25,0.38,Straight,0.0
39326,EDGE_37858_83784,EDGE_39326_85393,44.07,44.25,0.18,Straight,0.0
34928,EDGE_37889_83815,EDGE_34928_80605,44.23,44.25,0.02,Straight,0.0
38424,EDGE_37901_83828,EDGE_38424_84413,44.42,44.25,-0.17,Straight,0.0
38974,EDGE_37942_83872,EDGE_38974_85008,43.93,44.26,0.33,Straight,0.0
38878,EDGE_37962_83895,EDGE_38878_84906,44.73,44.25,-0.48,Straight,0.0
37924,EDGE_37965_83898,EDGE_37924_83852,44.37,44.25,-0.12,Straight,0.0
38417,EDGE_83901_83902,EDGE_38417_84405,44.01,44.25,0.24,Straight,0.0
37644,EDGE_38014_83955,EDGE_37644_83552,44.28,44.25,-0.03,Straight,0.0
38367,EDGE_38032_83974,EDGE_38367_84349,44.76,44.25,-0.51,Straight,0.0
38374,EDGE_38036_83978,EDGE_38374_84356,44.78,44.25,-0.53,Straight,0.0
37802,EDGE_38044_83986,EDGE_37802_83726,44.65,44.25,-0.4,Straight,0.0
38745,EDGE_84010_84011,EDGE_84760_84761,43.98,44.25,0.27,Straight,0.0
37808,EDGE_38073_84018,EDGE_37808_83733,44.71,44.25,-0.46,Straight,0.0
37715,EDGE_38096_84046,EDGE_37715_83630,44.34,44.25,-0.09,Straight,0.0
38221,EDGE_38097_84047,EDGE_84185_84186,43.76,44.25,0.49,Straight,0.0
34806,EDGE_38104_84054,EDGE_34806_80478,44.36,44.25,-0.11,Straight,0.0
38567,EDGE_38145_84102,EDGE_38567_84572,43.86,44.26,0.4,Straight,0.0
38645,EDGE_38147_84104,EDGE_84657_84658,44.23,44.26,0.03,Straight,0.0
37489,EDGE_38149_84106,EDGE_37489_83384,44.57,44.26,-0.31,Straight,0.0
37504,EDGE_38151_84108,EDGE_37504_83399,43.81,44.26,0.45,Straight,0.0
39317,EDGE_38175_84134,EDGE_39317_85383,44.45,44.25,-0.2,Straight,0.0
38194,EDGE_38212_84175,EDGE_38194_84155,44.77,44.25,-0.52,Straight,0.0
38479,EDGE_38241_84208,EDGE_38479_84475,43.88,44.25,0.37,Straight,0.0
38278,EDGE_38283_84254,EDGE_38278_84249,44.27,44.25,-0.02,Straight,0.0
38225,EDGE_38288_84259,EDGE_38225_84190,44.44,44.25,-0.19,Straight,0.0
37871,EDGE_38305_84277,EDGE_37871_83797,44.32,44.25,-0.07,Straight,0.0
38529,EDGE_84320_84321,EDGE_84529_84530,44.05,44.25,0.2,Straight,0.0
38342,EDGE_38362_84343,EDGE_38342_84318,44.13,44.25,0.12,Straight,0.0
38442,EDGE_38366_84348,EDGE_84435_84436,44.42,44.25,-0.17,Straight,0.0
38490,EDGE_38370_84352,EDGE_38490_84487,43.95,44.25,0.3,Straight,0.0
38493,EDGE_38376_84358,EDGE_38493_84490,44.0,44.25,0.25,Straight,0.0
37302,EDGE_38413_84399,EDGE_37302_83182,44.76,44.25,-0.51,Straight,0.0
37958,EDGE_38421_84410,EDGE_37958_83891,44.13,44.25,0.12,Straight,0.0
37515,EDGE_84427_84428,EDGE_37515_83411,44.06,44.25,0.19,Straight,0.0
38530,EDGE_38440_84433,EDGE_38530_84531,44.55,44.25,-0.3,Straight,0.0
38483,EDGE_38451_84445,EDGE_38483_84479,43.8,44.25,0.45,Straight,0.0
37328,EDGE_38458_84452,EDGE_37328_83213,44.12,44.25,0.13,Straight,0.0
37326,EDGE_38473_84469,EDGE_37326_83211,44.36,44.25,-0.11,Straight,0.0
38884,EDGE_38507_84506,EDGE_38884_84914,44.32,44.25,-0.07,Straight,0.0
34866,EDGE_38514_84513,EDGE_34866_80541,44.17,44.25,0.08,Straight,0.0
34874,EDGE_38546_84549,EDGE_34874_80549,44.12,44.25,0.13,Straight,0.0
34951,EDGE_38561_84566,EDGE_34951_80629,43.83,44.25,0.42,Straight,0.0
38953,EDGE_38566_84571,EDGE_38953_84985,44.68,44.25,-0.43,Straight,0.0
34845,EDGE_84614_84615,EDGE_34845_80519,44.68,44.25,-0.43,Straight,0.0
34824,EDGE_38610_84620,EDGE_34824_80496,44.47,44.25,-0.22,Straight,0.0
39312,EDGE_38613_84623,EDGE_39312_85378,44.62,44.25,-0.37,Straight,0.0
34827,EDGE_38615_84625,EDGE_34827_80499,44.2,44.25,0.05,Straight,0.0
34872,EDGE_38616_84626,EDGE_34872_80547,44.33,44.25,-0.08,Straight,0.0
34958,EDGE_38617_84627,EDGE_34958_80637,44.62,44.25,-0.37,Straight,0.0
38810,EDGE_38627_84638,EDGE_84833_84834,44.27,44.25,-0.02,Straight,0.0
34854,EDGE_38628_84639,EDGE_34854_80529,43.9,44.25,0.35,Straight,0.0
38701,EDGE_84679_84680,EDGE_38701_84716,44.49,44.25,-0.24,Straight,0.0
38381,EDGE_38671_84686,EDGE_38381_84363,44.77,44.25,-0.52,Straight,0.0
38914,EDGE_38687_84702,EDGE_38914_84946,44.31,44.25,-0.06,Straight,0.0
39287,EDGE_38725_39287,EDGE_39287_85352,44.29,44.25,-0.04,Straight,0.0
39433,EDGE_38730_84744,EDGE_39433_85512,44.06,44.25,0.19,Straight,0.0
37809,EDGE_84748_84749,EDGE_37809_83734,44.34,44.25,-0.09,Straight,0.0
38303,EDGE_38750_84769,EDGE_38303_84275,43.68,44.25,0.57,Straight,0.0
38431,EDGE_38758_84777,EDGE_38431_84422,44.17,44.25,0.08,Straight,0.0
38468,EDGE_38760_84779,EDGE_38468_84463,44.38,44.25,-0.13,Straight,0.0
39104,EDGE_38767_84786,EDGE_85145_85146,44.51,44.25,-0.26,Straight,0.0
39369,EDGE_38791_84814,EDGE_39369_85440,44.0,44.25,0.25,Straight,0.0
37266,EDGE_38812_84836,EDGE_83143_83144,43.98,44.25,0.27,Straight,0.0
37438,EDGE_38852_84878,EDGE_37438_83328,44.76,44.25,-0.51,Straight,0.0
37417,EDGE_38876_84904,EDGE_83304_83305,44.41,44.25,-0.16,Straight,0.0
37987,EDGE_39035_85073,EDGE_37987_83923,43.82,44.26,0.44,Straight,0.0
38376,EDGE_39050_85089,EDGE_38376_84358,44.03,44.0,-0.03,Straight,0.0
38726,EDGE_39061_85101,EDGE_38726_84740,44.76,44.25,-0.51,Straight,0.0
37812,EDGE_39075_85115,EDGE_37812_83737,44.37,44.25,-0.12,Straight,0.0
39432,EDGE_39076_85116,EDGE_39432_85511,44.35,44.25,-0.1,Straight,0.0
38434,EDGE_39083_85123,EDGE_38434_84425,44.41,44.25,-0.16,Straight,0.0
38254,EDGE_39091_85131,EDGE_38254_84222,44.53,44.25,-0.28,Straight,0.0
39431,EDGE_39125_85169,EDGE_39431_85510,43.77,44.25,0.48,Straight,0.0
39277,EDGE_39134_85178,EDGE_39277_85342,44.53,44.25,-0.28,Straight,0.0
38226,EDGE_39138_85182,EDGE_38226_84191,44.72,44.25,-0.47,Straight,0.0
39109,EDGE_39141_85185,EDGE_39109_85152,44.4,44.25,-0.15,Straight,0.0
37829,EDGE_85186_85187,EDGE_37829_83754,44.69,44.25,-0.44,Straight,0.0
37557,EDGE_39149_85196,EDGE_37557_83455,43.84,44.25,0.41,Straight,0.0
38181,EDGE_39157_85205,EDGE_84140_84141,44.32,44.25,-0.07,Straight,0.0
37625,EDGE_85249_85250,EDGE_37625_83531,44.13,44.25,0.12,Straight,0.0
37576,EDGE_39198_85252,EDGE_37576_83477,44.46,44.25,-0.21,Straight,0.0
37604,EDGE_39201_85256,EDGE_83507_83508,43.98,44.25,0.27,Straight,0.0
37490,EDGE_39236_85296,EDGE_37490_83385,44.49,44.26,-0.23,Straight,0.0
34914,EDGE_39264_85328,EDGE_34914_80591,43.99,44.25,0.26,Straight,0.0
34965,EDGE_85338_85339,EDGE_34965_80645,44.78,44.25,-0.53,Straight,0.0
37440,EDGE_39295_85360,EDGE_37440_83331,43.87,44.25,0.38,Straight,0.0
34927,EDGE_39372_85444,EDGE_34927_80604,44.15,44.25,0.1,Straight,0.0
38429,EDGE_85484_85485,EDGE_38429_84420,44.68,44.25,-0.43,Straight,0.0
38307,EDGE_85508_85509,EDGE_38307_84279,44.09,44.25,0.16,Straight,0.0
34294,EDGE_39436_85515,EDGE_34294_79915,44.34,44.52,0.18,Straight,0.0
34449,EDGE_39439_85518,EDGE_34449_80086,44.04,44.25,0.21,Straight,0.0
39798,EDGE_39558_85641,EDGE_39798_85899,44.09,44.25,0.16,Straight,0.0
39721,EDGE_39630_85718,EDGE_39721_85815,44.04,44.25,0.21,Straight,0.0
39882,EDGE_39900_86012,EDGE_39882_85992,44.65,44.23,-0.42,Straight,0.0
39886,EDGE_40021_86143,EDGE_39886_85996,43.76,44.23,0.47,Straight,0.0
39985,EDGE_40225_86361,EDGE_39985_86105,43.83,44.23,0.4,Straight,0.0
40425,EDGE_40417_86570,EDGE_40425_86578,44.76,44.23,-0.53,Straight,0.0
40498,EDGE_40432_86586,EDGE_40498_86662,44.43,44.23,-0.2,Straight,0.0
40106,EDGE_40516_86682,EDGE_40106_86233,44.11,44.23,0.12,Straight,0.0
40154,EDGE_40527_86693,EDGE_40154_86287,44.74,44.23,-0.51,Straight,0.0
40429,EDGE_40532_86700,EDGE_40429_86583,44.67,44.23,-0.44,Straight,0.0
40767,EDGE_40616_86789,EDGE_40767_86952,44.65,44.25,-0.4,Straight,0.0
40816,EDGE_40762_86947,EDGE_40816_87006,44.76,44.25,-0.51,Straight,0.0
42207,EDGE_41205_87429,EDGE_42207_88524,44.38,44.26,-0.12,Straight,0.0
42155,EDGE_41207_87431,EDGE_42155_88467,44.1,44.26,0.16,Straight,0.0
42654,EDGE_41221_87446,EDGE_42654_89011,44.6,44.26,-0.34,Straight,0.0
42823,EDGE_41374_87609,EDGE_42823_89191,44.1,44.26,0.16,Straight,0.0
41265,EDGE_41380_87615,EDGE_41265_87493,43.95,44.26,0.31,Straight,0.0
41527,EDGE_41496_87741,EDGE_41527_87776,44.02,44.25,0.23,Straight,0.0
42673,EDGE_41608_87868,EDGE_42673_89031,44.2,44.26,0.06,Straight,0.0
42204,EDGE_41643_87908,EDGE_88520_88521,44.35,44.26,-0.09,Straight,0.0
41954,EDGE_87983_87984,EDGE_41954_88245,44.2,44.26,0.06,Straight,0.0
42017,EDGE_41730_88002,EDGE_42017_88315,44.21,44.26,0.05,Straight,0.0
41408,EDGE_41779_88058,EDGE_41408_87646,44.71,44.25,-0.46,Straight,0.0
41298,EDGE_41915_88205,EDGE_41298_87528,44.1,44.26,0.16,Straight,0.0
41473,EDGE_41917_88207,EDGE_41473_87717,44.39,44.26,-0.13,Straight,0.0
42785,EDGE_41932_88222,EDGE_42785_89152,44.46,44.26,-0.2,Straight,0.0
41522,EDGE_42023_88321,EDGE_41522_87771,44.07,44.25,0.18,Straight,0.0
41446,EDGE_42035_88333,EDGE_41446_87687,44.45,44.25,-0.2,Straight,0.0
42688,EDGE_42044_88346,EDGE_42688_89048,44.09,44.26,0.17,Straight,0.0
42115,EDGE_42085_88390,EDGE_42115_88423,44.17,44.26,0.09,Straight,0.0
42585,EDGE_88397_88398,EDGE_42585_88934,44.79,44.26,-0.53,Straight,0.0
42870,EDGE_88431_88432,EDGE_42870_89239,44.35,44.26,-0.09,Straight,0.0
42101,EDGE_88460_88461,EDGE_42101_88407,44.31,44.26,-0.05,Straight,0.0
42877,EDGE_42167_88480,EDGE_42877_89246,44.37,44.25,-0.12,Straight,0.0
41791,EDGE_42195_88511,EDGE_41791_88070,44.68,44.26,-0.42,Straight,0.0
41149,EDGE_88557_88558,EDGE_41149_87367,44.41,44.25,-0.16,Straight,0.0
41761,EDGE_42245_88565,EDGE_41761_88038,44.24,44.25,0.01,Straight,0.0
41121,EDGE_42305_88630,EDGE_41121_87333,44.3,44.26,-0.04,Straight,0.0
42253,EDGE_42322_88648,EDGE_42253_88575,44.6,44.25,-0.35,Straight,0.0
42431,EDGE_42385_88716,EDGE_42431_88766,44.61,44.25,-0.36,Straight,0.0
42732,EDGE_42428_88763,EDGE_42732_89094,44.44,44.25,-0.19,Straight,0.0
42752,EDGE_42522_88866,EDGE_42752_89115,44.19,44.26,0.07,Straight,0.0
41451,EDGE_42562_88909,EDGE_87692_87693,44.27,44.25,-0.02,Straight,0.0
42496,EDGE_42625_88980,EDGE_42496_88837,43.63,44.25,0.62,Straight,0.0
41156,EDGE_42650_89007,EDGE_41156_87376,44.18,44.26,0.08,Straight,0.0
42009,EDGE_42724_89086,EDGE_42009_88306,43.72,44.26,0.54,Straight,0.0
41383,EDGE_42772_89139,EDGE_41383_87618,44.79,44.26,-0.53,Straight,0.0
41197,EDGE_42809_89177,EDGE_41197_87420,44.75,44.26,-0.49,Straight,0.0
41478,EDGE_42812_89180,EDGE_87722_87723,44.65,44.26,-0.39,Straight,0.0
42882,EDGE_42853_89221,EDGE_42882_89252,44.19,44.25,0.06,Straight,0.0
41353,EDGE_42906_89278,EDGE_41353_87585,43.85,44.26,0.41,Straight,0.0
